WindSpeed_mps,New_archived,0_yr,5_yr,10_yr,15_yr,20_yr,25_yr,30_yr,35_yr,40_yr,45_yr,50_yr,55_yr,60_yr
20.000000,0.000000,0.000000,0.000000,0.000000,0.000000,0.000000,0.000000,0.000000,0.000000,0.000000,0.000000,0.000000,0.000000,0.000000
20.100000,0.000000,0.000000,0.000000,0.000000,0.000000,0.000000,0.000000,0.000000,0.000000,0.000000,0.000000,0.000000,0.000000,0.000000
20.200000,0.000000,0.000000,0.000000,0.000000,0.000000,0.000000,0.000000,0.000000,0.000000,0.000000,0.000000,0.000000,0.000000,0.000000
20.300000,0.000000,0.000000,0.000000,0.000000,0.000000,0.000000,0.000000,0.000000,0.000000,0.000000,0.000000,0.000000,0.000002,0.000000
20.400000,0.000000,0.000000,0.000000,0.000000,0.000000,0.000000,0.000000,0.000000,0.000000,0.000000,0.000000,0.000000,0.000002,0.000002
20.500000,0.000000,0.000000,0.000000,0.000000,0.000000,0.000000,0.000000,0.000000,0.000000,0.000000,0.000000,0.000000,0.000002,0.000002
20.600000,0.000000,0.000000,0.000000,0.000000,0.000000,0.000000,0.000000,0.000000,0.000000,0.000000,0.000000,0.000000,0.000002,0.000002
20.700000,0.000000,0.000000,0.000000,0.000000,0.000000,0.000000,0.000000,0.000000,0.000000,0.000000,0.000000,0.000000,0.000002,0.000002
20.800000,0.000000,0.000000,0.000000,0.000000,0.000000,0.000000,0.000000,0.000000,0.000000,0.000000,0.000000,0.000000,0.000004,0.000002
20.900000,0.000000,0.000000,0.000000,0.000000,0.000000,0.000000,0.000000,0.000000,0.000000,0.000000,0.000000,0.000000,0.000004,0.000004
21.000000,0.000000,0.000000,0.000000,0.000000,0.000000,0.000000,0.000000,0.000000,0.000000,0.000000,0.000000,0.000000,0.000004,0.000004
21.100000,0.000000,0.000000,0.000000,0.000000,0.000000,0.000000,0.000000,0.000000,0.000000,0.000000,0.000000,0.000000,0.000004,0.000004
21.200000,0.000000,0.000000,0.000000,0.000000,0.000000,0.000000,0.000000,0.000000,0.000000,0.000000,0.000000,0.000000,0.000004,0.000006
21.300000,0.000000,0.000000,0.000000,0.000000,0.000000,0.000000,0.000000,0.000000,0.000000,0.000000,0.000000,0.000000,0.000004,0.000006
21.400000,0.000000,0.000000,0.000000,0.000000,0.000000,0.000000,0.000000,0.000000,0.000000,0.000000,0.000000,0.000000,0.000004,0.000012
21.500000,0.000000,0.000000,0.000000,0.000000,0.000000,0.000000,0.000000,0.000000,0.000000,0.000000,0.000000,0.000000,0.000004,0.000014
21.600000,0.000000,0.000000,0.000000,0.000000,0.000000,0.000000,0.000000,0.000000,0.000000,0.000000,0.000000,0.000000,0.000004,0.000016
21.700000,0.000000,0.000000,0.000000,0.000000,0.000000,0.000000,0.000000,0.000000,0.000000,0.000000,0.000000,0.000000,0.000004,0.000024
21.800000,0.000000,0.000000,0.000000,0.000000,0.000000,0.000000,0.000000,0.000000,0.000000,0.000000,0.000000,0.000000,0.000004,0.000024
21.900000,0.000000,0.000000,0.000000,0.000000,0.000000,0.000000,0.000000,0.000000,0.000000,0.000000,0.000000,0.000000,0.000006,0.000024
22.000000,0.000000,0.000000,0.000000,0.000000,0.000000,0.000000,0.000000,0.000000,0.000000,0.000000,0.000000,0.000000,0.000006,0.000024
22.100000,0.000000,0.000000,0.000000,0.000000,0.000000,0.000000,0.000000,0.000000,0.000000,0.000000,0.000000,0.000000,0.000006,0.000028
22.200000,0.000000,0.000000,0.000000,0.000000,0.000000,0.000000,0.000000,0.000000,0.000000,0.000000,0.000000,0.000000,0.000006,0.000032
22.300000,0.000000,0.000000,0.000000,0.000000,0.000000,0.000000,0.000000,0.000000,0.000000,0.000000,0.000000,0.000000,0.000006,0.000034
22.400000,0.000000,0.000000,0.000000,0.000000,0.000000,0.000000,0.000000,0.000000,0.000000,0.000000,0.000000,0.000000,0.000008,0.000040
22.500000,0.000000,0.000000,0.000000,0.000000,0.000000,0.000000,0.000000,0.000000,0.000000,0.000000,0.000000,0.000000,0.000010,0.000040
22.600000,0.000000,0.000000,0.000000,0.000000,0.000000,0.000000,0.000000,0.000000,0.000000,0.000000,0.000000,0.000000,0.000012,0.000044
22.700000,0.000000,0.000000,0.000000,0.000000,0.000000,0.000000,0.000000,0.000000,0.000000,0.000000,0.000000,0.000002,0.000012,0.000046
22.800000,0.000000,0.000000,0.000000,0.000000,0.000000,0.000000,0.000000,0.000000,0.000000,0.000000,0.000000,0.000004,0.000014,0.000054
22.900000,0.000000,0.000000,0.000000,0.000000,0.000000,0.000000,0.000000,0.000000,0.000000,0.000000,0.000000,0.000006,0.000014,0.000062
23.000000,0.000000,0.000000,0.000000,0.000000,0.000000,0.000000,0.000000,0.000000,0.000000,0.000000,0.000002,0.000010,0.000016,0.000074
23.100000,0.000000,0.000000,0.000000,0.000000,0.000000,0.000000,0.000000,0.000000,0.000000,0.000000,0.000002,0.000010,0.000018,0.000078
23.200000,0.000000,0.000000,0.000000,0.000000,0.000000,0.000000,0.000000,0.000000,0.000000,0.000002,0.000002,0.000012,0.000024,0.000078
23.300000,0.000000,0.000000,0.000000,0.000000,0.000000,0.000000,0.000000,0.000000,0.000000,0.000002,0.000002,0.000012,0.000026,0.000090
23.400000,0.000000,0.000000,0.000000,0.000000,0.000000,0.000000,0.000000,0.000000,0.000000,0.000002,0.000002,0.000012,0.000028,0.000098
23.500000,0.000000,0.000000,0.000000,0.000000,0.000000,0.000000,0.000000,0.000000,0.000000,0.000002,0.000002,0.000012,0.000028,0.000106
23.600000,0.000000,0.000000,0.000000,0.000000,0.000000,0.000000,0.000000,0.000000,0.000000,0.000002,0.000002,0.000012,0.000032,0.000110
23.700000,0.000000,0.000000,0.000000,0.000000,0.000000,0.000000,0.000000,0.000000,0.000000,0.000002,0.000002,0.000012,0.000034,0.000118
23.800000,0.000000,0.000000,0.000000,0.000000,0.000000,0.000000,0.000000,0.000000,0.000000,0.000002,0.000002,0.000012,0.000034,0.000124
23.900000,0.000000,0.000000,0.000000,0.000000,0.000000,0.000000,0.000000,0.000000,0.000000,0.000002,0.000002,0.000012,0.000034,0.000136
24.000000,0.000000,0.000000,0.000000,0.000000,0.000000,0.000000,0.000000,0.000000,0.000000,0.000004,0.000002,0.000014,0.000040,0.000150
24.100000,0.000000,0.000000,0.000000,0.000000,0.000000,0.000000,0.000000,0.000000,0.000000,0.000004,0.000004,0.000016,0.000040,0.000164
24.200000,0.000000,0.000000,0.000000,0.000000,0.000000,0.000000,0.000000,0.000000,0.000000,0.000004,0.000004,0.000016,0.000046,0.000178
24.300000,0.000000,0.000000,0.000000,0.000000,0.000000,0.000000,0.000000,0.000000,0.000000,0.000004,0.000004,0.000020,0.000052,0.000194
24.400000,0.000000,0.000000,0.000000,0.000000,0.000000,0.000000,0.000000,0.000000,0.000000,0.000004,0.000004,0.000022,0.000052,0.000214
24.500000,0.000000,0.000000,0.000000,0.000000,0.000000,0.000000,0.000000,0.000000,0.000000,0.000004,0.000004,0.000024,0.000058,0.000238
24.600000,0.000000,0.000000,0.000000,0.000000,0.000000,0.000000,0.000000,0.000000,0.000000,0.000004,0.000004,0.000030,0.000068,0.000262
24.700000,0.000000,0.000000,0.000000,0.000000,0.000000,0.000000,0.000000,0.000000,0.000000,0.000004,0.000006,0.000034,0.000076,0.000268
24.800000,0.000000,0.000000,0.000000,0.000000,0.000000,0.000000,0.000000,0.000000,0.000000,0.000004,0.000010,0.000034,0.000088,0.000282
24.900000,0.000000,0.000000,0.000000,0.000000,0.000000,0.000000,0.000000,0.000000,0.000000,0.000004,0.000010,0.000038,0.000100,0.000302
25.000000,0.000000,0.000000,0.000000,0.000000,0.000000,0.000000,0.000000,0.000000,0.000000,0.000006,0.000010,0.000038,0.000114,0.000322
25.100000,0.000000,0.000000,0.000000,0.000000,0.000000,0.000000,0.000000,0.000000,0.000000,0.000008,0.000012,0.000038,0.000120,0.000354
25.200000,0.000000,0.000000,0.000000,0.000000,0.000000,0.000000,0.000000,0.000000,0.000000,0.000008,0.000012,0.000044,0.000138,0.000384
25.300000,0.000000,0.000000,0.000000,0.000000,0.000000,0.000000,0.000000,0.000000,0.000000,0.000008,0.000014,0.000048,0.000148,0.000412
25.400000,0.000000,0.000000,0.000000,0.000000,0.000000,0.000000,0.000000,0.000000,0.000000,0.000008,0.000016,0.000056,0.000158,0.000440
25.500000,0.000000,0.000000,0.000000,0.000000,0.000000,0.000000,0.000000,0.000000,0.000002,0.000008,0.000018,0.000060,0.000168,0.000458
25.600000,0.000000,0.000000,0.000000,0.000000,0.000000,0.000000,0.000000,0.000000,0.000002,0.000008,0.000020,0.000064,0.000178,0.000488
25.700000,0.000000,0.000000,0.000000,0.000000,0.000000,0.000000,0.000000,0.000000,0.000002,0.000008,0.000020,0.000070,0.000198,0.000530
25.800000,0.000000,0.000000,0.000000,0.000000,0.000000,0.000000,0.000000,0.000000,0.000004,0.000010,0.000024,0.000080,0.000216,0.000580
25.900000,0.000000,0.000000,0.000000,0.000000,0.000000,0.000000,0.000000,0.000000,0.000006,0.000010,0.000026,0.000082,0.000230,0.000630
26.000000,0.000000,0.000000,0.000000,0.000000,0.000000,0.000000,0.000000,0.000000,0.000006,0.000012,0.000026,0.000090,0.000236,0.000682
26.100000,0.000000,0.000000,0.000000,0.000000,0.000000,0.000000,0.000000,0.000000,0.000006,0.000012,0.000030,0.000096,0.000248,0.000732
26.200000,0.000000,0.000000,0.000000,0.000000,0.000000,0.000000,0.000000,0.000002,0.000006,0.000012,0.000030,0.000108,0.000264,0.000786
26.300000,0.000000,0.000000,0.000000,0.000000,0.000000,0.000000,0.000000,0.000002,0.000006,0.000012,0.000034,0.000118,0.000288,0.000830
26.400000,0.000000,0.000000,0.000000,0.000000,0.000000,0.000000,0.000000,0.000002,0.000006,0.000014,0.000042,0.000128,0.000312,0.000870
26.500000,0.000000,0.000000,0.000000,0.000000,0.000000,0.000000,0.000000,0.000002,0.000006,0.000016,0.000050,0.000146,0.000328,0.000930
26.600000,0.000000,0.000000,0.000000,0.000000,0.000000,0.000000,0.000000,0.000002,0.000006,0.000020,0.000056,0.000160,0.000366,0.000996
26.700000,0.000000,0.000000,0.000000,0.000000,0.000000,0.000000,0.000000,0.000006,0.000006,0.000020,0.000060,0.000174,0.000390,0.001044
26.800000,0.000000,0.000000,0.000000,0.000000,0.000000,0.000000,0.000000,0.000006,0.000006,0.000022,0.000066,0.000194,0.000416,0.001110
26.900000,0.000000,0.000000,0.000000,0.000000,0.000000,0.000000,0.000000,0.000006,0.000006,0.000024,0.000072,0.000200,0.000438,0.001176
27.000000,0.000000,0.000000,0.000000,0.000000,0.000000,0.000000,0.000000,0.000006,0.000006,0.000028,0.000078,0.000226,0.000482,0.001254
27.100000,0.000000,0.000000,0.000000,0.000000,0.000000,0.000000,0.000000,0.000006,0.000006,0.000036,0.000090,0.000244,0.000526,0.001332
27.200000,0.000000,0.000000,0.000000,0.000000,0.000000,0.000000,0.000000,0.000006,0.000010,0.000038,0.000100,0.000256,0.000568,0.001412
27.300000,0.000000,0.000000,0.000000,0.000000,0.000000,0.000000,0.000000,0.000006,0.000010,0.000040,0.000108,0.000276,0.000604,0.001492
27.400000,0.000000,0.000000,0.000000,0.000000,0.000000,0.000000,0.000000,0.000006,0.000012,0.000040,0.000116,0.000290,0.000636,0.001598
27.500000,0.000000,0.000000,0.000000,0.000000,0.000000,0.000000,0.000000,0.000008,0.000012,0.000046,0.000126,0.000308,0.000678,0.001674
27.600000,0.000000,0.000000,0.000000,0.000000,0.000000,0.000000,0.000000,0.000008,0.000014,0.000054,0.000138,0.000330,0.000728,0.001764
27.700000,0.000000,0.000000,0.000000,0.000000,0.000000,0.000000,0.000002,0.000010,0.000014,0.000056,0.000138,0.000352,0.000784,0.001864
27.800000,0.000000,0.000000,0.000000,0.000000,0.000000,0.000000,0.000002,0.000010,0.000014,0.000060,0.000152,0.000382,0.000850,0.002018
27.900000,0.000000,0.000000,0.000000,0.000000,0.000000,0.000002,0.000002,0.000010,0.000018,0.000064,0.000156,0.000408,0.000910,0.002130
28.000000,0.000000,0.000000,0.000000,0.000000,0.000000,0.000002,0.000002,0.000010,0.000024,0.000070,0.000170,0.000420,0.000972,0.002246
28.100000,0.000000,0.000000,0.000000,0.000000,0.000000,0.000002,0.000002,0.000010,0.000026,0.000074,0.000190,0.000456,0.001024,0.002396
28.200000,0.000000,0.000000,0.000000,0.000000,0.000000,0.000002,0.000002,0.000012,0.000030,0.000074,0.000204,0.000490,0.001096,0.002588
28.300000,0.000000,0.000000,0.000000,0.000000,0.000000,0.000004,0.000002,0.000012,0.000032,0.000076,0.000220,0.000530,0.001156,0.002762
28.400000,0.000000,0.000000,0.000000,0.000000,0.000000,0.000004,0.000002,0.000014,0.000034,0.000078,0.000246,0.000572,0.001222,0.002914
28.500000,0.000000,0.000000,0.000000,0.000000,0.000000,0.000004,0.000002,0.000014,0.000036,0.000086,0.000260,0.000590,0.001288,0.003076
28.600000,0.000000,0.000000,0.000000,0.000000,0.000000,0.000004,0.000002,0.000016,0.000038,0.000098,0.000286,0.000632,0.001408,0.003228
28.700000,0.000000,0.000000,0.000000,0.000000,0.000000,0.000004,0.000002,0.000018,0.000042,0.000102,0.000294,0.000674,0.001482,0.003410
28.800000,0.000000,0.000000,0.000000,0.000000,0.000000,0.000006,0.000002,0.000022,0.000044,0.000110,0.000320,0.000720,0.001552,0.003612
28.900000,0.000000,0.000000,0.000000,0.000000,0.000000,0.000006,0.000002,0.000024,0.000050,0.000118,0.000352,0.000784,0.001680,0.003820
29.000000,0.000000,0.000000,0.000000,0.000000,0.000000,0.000006,0.000002,0.000026,0.000052,0.000140,0.000378,0.000854,0.001776,0.004074
29.100000,0.000000,0.000000,0.000000,0.000000,0.000000,0.000006,0.000002,0.000026,0.000058,0.000154,0.000394,0.000902,0.001892,0.004298
29.200000,0.000000,0.000000,0.000000,0.000000,0.000000,0.000008,0.000004,0.000026,0.000062,0.000162,0.000422,0.000956,0.002016,0.004512
29.300000,0.000000,0.000000,0.000000,0.000000,0.000000,0.000008,0.000006,0.000030,0.000072,0.000176,0.000462,0.000998,0.002150,0.004762
29.400000,0.000000,0.000000,0.000000,0.000000,0.000000,0.000008,0.000006,0.000032,0.000074,0.000194,0.000492,0.001048,0.002250,0.005016
29.500000,0.000000,0.000000,0.000000,0.000000,0.000000,0.000008,0.000008,0.000038,0.000082,0.000214,0.000512,0.001112,0.002414,0.005250
29.600000,0.000000,0.000000,0.000000,0.000000,0.000000,0.000008,0.000010,0.000040,0.000092,0.000234,0.000558,0.001186,0.002576,0.005504
29.700000,0.000000,0.000000,0.000000,0.000000,0.000000,0.000008,0.000012,0.000042,0.000102,0.000252,0.000592,0.001268,0.002738,0.005730
29.800000,0.000000,0.000000,0.000000,0.000000,0.000000,0.000008,0.000012,0.000048,0.000104,0.000266,0.000632,0.001332,0.002904,0.006042
29.900000,0.000000,0.000000,0.000000,0.000000,0.000000,0.000008,0.000012,0.000050,0.000110,0.000286,0.000672,0.001434,0.003084,0.006330
30.000000,0.000000,0.000000,0.000000,0.000000,0.000000,0.000008,0.000016,0.000054,0.000120,0.000314,0.000710,0.001498,0.003258,0.006648
30.100000,0.000000,0.000000,0.000000,0.000000,0.000004,0.000008,0.000022,0.000066,0.000136,0.000336,0.000744,0.001584,0.003410,0.006930
30.200000,0.000000,0.000000,0.000000,0.000000,0.000004,0.000008,0.000022,0.000072,0.000160,0.000364,0.000796,0.001678,0.003606,0.007252
30.300000,0.000000,0.000000,0.000002,0.000000,0.000006,0.000010,0.000026,0.000078,0.000164,0.000386,0.000860,0.001802,0.003766,0.007640
30.400000,0.000000,0.000000,0.000002,0.000000,0.000006,0.000014,0.000032,0.000084,0.000174,0.000420,0.000916,0.001922,0.003962,0.007994
30.500000,0.000000,0.000000,0.000002,0.000000,0.000008,0.000014,0.000032,0.000096,0.000182,0.000454,0.000962,0.002028,0.004156,0.008300
30.600000,0.000000,0.000000,0.000002,0.000000,0.000008,0.000014,0.000038,0.000098,0.000200,0.000484,0.001020,0.002156,0.004358,0.008662
30.700000,0.000000,0.000000,0.000002,0.000000,0.000008,0.000014,0.000042,0.000106,0.000208,0.000538,0.001084,0.002256,0.004562,0.009078
30.800000,0.000000,0.000000,0.000002,0.000000,0.000010,0.000014,0.000046,0.000112,0.000230,0.000580,0.001140,0.002408,0.004836,0.009554
30.900000,0.000000,0.000000,0.000002,0.000000,0.000010,0.000016,0.000046,0.000122,0.000250,0.000600,0.001218,0.002558,0.005086,0.010034
31.000000,0.000000,0.000000,0.000002,0.000000,0.000010,0.000016,0.000046,0.000136,0.000258,0.000628,0.001294,0.002720,0.005318,0.010526
31.100000,0.000000,0.000000,0.000002,0.000000,0.000010,0.000016,0.000048,0.000142,0.000272,0.000666,0.001372,0.002898,0.005576,0.011014
31.200000,0.000000,0.000000,0.000002,0.000002,0.000010,0.000018,0.000054,0.000150,0.000308,0.000714,0.001440,0.003066,0.005874,0.011430
31.300000,0.000000,0.000000,0.000002,0.000002,0.000012,0.000020,0.000062,0.000164,0.000336,0.000744,0.001530,0.003222,0.006172,0.011876
31.400000,0.000000,0.000000,0.000002,0.000002,0.000012,0.000026,0.000062,0.000172,0.000370,0.000792,0.001622,0.003410,0.006478,0.012394
31.500000,0.000000,0.000000,0.000002,0.000004,0.000012,0.000030,0.000070,0.000178,0.000408,0.000870,0.001718,0.003604,0.006784,0.012964
31.600000,0.000000,0.000000,0.000002,0.000004,0.000012,0.000030,0.000074,0.000190,0.000434,0.000916,0.001806,0.003770,0.007122,0.013504
31.700000,0.000000,0.000000,0.000002,0.000004,0.000014,0.000030,0.000084,0.000200,0.000452,0.000972,0.001880,0.003980,0.007476,0.014036
31.800000,0.000000,0.000000,0.000002,0.000004,0.000016,0.000038,0.000098,0.000218,0.000484,0.001016,0.002000,0.004184,0.007792,0.014670
31.900000,0.000000,0.000000,0.000002,0.000004,0.000020,0.000046,0.000108,0.000240,0.000508,0.001080,0.002120,0.004438,0.008176,0.015296
32.000000,0.000000,0.000000,0.000002,0.000004,0.000024,0.000048,0.000120,0.000258,0.000534,0.001126,0.002264,0.004670,0.008544,0.015968
32.100000,0.000000,0.000000,0.000004,0.000006,0.000024,0.000062,0.000124,0.000266,0.000570,0.001206,0.002384,0.004902,0.008940,0.016560
32.200000,0.000000,0.000000,0.000004,0.000010,0.000026,0.000074,0.000130,0.000290,0.000620,0.001302,0.002536,0.005192,0.009356,0.017254
32.300000,0.000000,0.000000,0.000004,0.000010,0.000032,0.000084,0.000142,0.000320,0.000662,0.001404,0.002666,0.005466,0.009722,0.017954
32.400000,0.000000,0.000002,0.000004,0.000010,0.000034,0.000090,0.000156,0.000340,0.000722,0.001516,0.002798,0.005712,0.010170,0.018598
32.500000,0.000000,0.000002,0.000004,0.000010,0.000036,0.000094,0.000176,0.000368,0.000760,0.001628,0.002946,0.005972,0.010530,0.019332
32.600000,0.000000,0.000002,0.000004,0.000010,0.000038,0.000106,0.000186,0.000410,0.000830,0.001730,0.003114,0.006298,0.010986,0.020102
32.700000,0.000000,0.000002,0.000004,0.000010,0.000038,0.000122,0.000204,0.000448,0.000886,0.001822,0.003256,0.006650,0.011534,0.020864
32.800000,0.000000,0.000002,0.000004,0.000010,0.000048,0.000132,0.000218,0.000486,0.000936,0.001922,0.003426,0.006986,0.012042,0.021610
32.900000,0.000000,0.000002,0.000006,0.000010,0.000052,0.000140,0.000234,0.000518,0.000994,0.002042,0.003598,0.007330,0.012542,0.022416
33.000000,0.000000,0.000002,0.000006,0.000014,0.000054,0.000158,0.000260,0.000554,0.001068,0.002182,0.003800,0.007678,0.013024,0.023196
33.100000,0.000000,0.000002,0.000006,0.000018,0.000062,0.000164,0.000276,0.000588,0.001146,0.002310,0.004008,0.008028,0.013590,0.024158
33.200000,0.000000,0.000002,0.000006,0.000020,0.000066,0.000178,0.000298,0.000626,0.001230,0.002448,0.004226,0.008386,0.014216,0.025014
33.300000,0.000000,0.000002,0.000006,0.000020,0.000082,0.000184,0.000322,0.000668,0.001318,0.002566,0.004434,0.008788,0.014904,0.025878
33.400000,0.000002,0.000002,0.000006,0.000026,0.000088,0.000192,0.000336,0.000720,0.001402,0.002726,0.004696,0.009172,0.015526,0.026848
33.500000,0.000002,0.000002,0.000008,0.000034,0.000090,0.000206,0.000376,0.000760,0.001498,0.002898,0.004952,0.009524,0.016142,0.027882
33.600000,0.000002,0.000002,0.000008,0.000036,0.000096,0.000218,0.000406,0.000828,0.001590,0.003082,0.005270,0.009940,0.016800,0.028918
33.700000,0.000004,0.000002,0.000012,0.000042,0.000104,0.000236,0.000448,0.000882,0.001710,0.003270,0.005532,0.010352,0.017516,0.029944
33.800000,0.000004,0.000004,0.000014,0.000044,0.000112,0.000250,0.000478,0.000940,0.001840,0.003458,0.005874,0.010770,0.018154,0.031008
33.900000,0.000006,0.000004,0.000014,0.000052,0.000126,0.000278,0.000530,0.001000,0.001980,0.003614,0.006260,0.011242,0.018862,0.032104
34.000000,0.000006,0.000004,0.000014,0.000058,0.000134,0.000310,0.000572,0.001080,0.002096,0.003788,0.006584,0.011714,0.019672,0.033206
34.100000,0.000006,0.000004,0.000014,0.000074,0.000150,0.000334,0.000616,0.001158,0.002238,0.003978,0.006934,0.012178,0.020474,0.034312
34.200000,0.000006,0.000006,0.000014,0.000082,0.000158,0.000360,0.000662,0.001222,0.002304,0.004188,0.007272,0.012666,0.021302,0.035442
34.300000,0.000008,0.000006,0.000016,0.000090,0.000174,0.000382,0.000712,0.001296,0.002446,0.004452,0.007624,0.013204,0.022108,0.036516
34.400000,0.000012,0.000006,0.000018,0.000100,0.000196,0.000422,0.000746,0.001378,0.002576,0.004674,0.007946,0.013728,0.022896,0.037738
34.500000,0.000012,0.000006,0.000018,0.000112,0.000224,0.000450,0.000816,0.001466,0.002732,0.004898,0.008328,0.014318,0.023748,0.038998
34.600000,0.000012,0.000006,0.000020,0.000124,0.000240,0.000482,0.000870,0.001556,0.002896,0.005132,0.008784,0.014954,0.024590,0.040244
34.700000,0.000012,0.000006,0.000022,0.000136,0.000256,0.000520,0.000948,0.001644,0.003056,0.005448,0.009170,0.015530,0.025462,0.041504
34.800000,0.000014,0.000006,0.000028,0.000142,0.000276,0.000546,0.001012,0.001770,0.003234,0.005732,0.009588,0.016160,0.026416,0.042804
34.900000,0.000018,0.000010,0.000032,0.000158,0.000298,0.000604,0.001074,0.001868,0.003426,0.006062,0.010032,0.016838,0.027422,0.044214
35.000000,0.000018,0.000014,0.000042,0.000178,0.000318,0.000644,0.001140,0.001980,0.003584,0.006358,0.010478,0.017588,0.028348,0.045628
35.100000,0.000022,0.000018,0.000048,0.000190,0.000346,0.000684,0.001200,0.002126,0.003794,0.006630,0.010942,0.018264,0.029320,0.047126
35.200000,0.000022,0.000022,0.000058,0.000200,0.000380,0.000734,0.001286,0.002248,0.004042,0.006928,0.011416,0.019012,0.030256,0.048558
35.300000,0.000022,0.000022,0.000066,0.000214,0.000410,0.000786,0.001386,0.002384,0.004258,0.007298,0.011894,0.019706,0.031334,0.050088
35.400000,0.000022,0.000022,0.000070,0.000226,0.000444,0.000862,0.001464,0.002500,0.004510,0.007700,0.012436,0.020440,0.032460,0.051668
35.500000,0.000024,0.000030,0.000080,0.000244,0.000472,0.000904,0.001536,0.002658,0.004742,0.008064,0.012938,0.021256,0.033508,0.053192
35.600000,0.000028,0.000032,0.000090,0.000272,0.000488,0.000964,0.001650,0.002830,0.004966,0.008458,0.013472,0.022116,0.034610,0.054822
35.700000,0.000032,0.000040,0.000104,0.000294,0.000530,0.001022,0.001734,0.003002,0.005246,0.008792,0.014008,0.022908,0.035742,0.056434
35.800000,0.000036,0.000046,0.000118,0.000322,0.000564,0.001074,0.001832,0.003146,0.005524,0.009186,0.014594,0.023778,0.036868,0.058122
35.900000,0.000044,0.000050,0.000122,0.000340,0.000606,0.001140,0.001968,0.003322,0.005802,0.009612,0.015206,0.024680,0.038074,0.059748
36.000000,0.000048,0.000058,0.000136,0.000368,0.000646,0.001210,0.002096,0.003540,0.006096,0.010092,0.015888,0.025614,0.039308,0.061444
36.100000,0.000054,0.000064,0.000152,0.000388,0.000696,0.001294,0.002242,0.003774,0.006430,0.010602,0.016538,0.026594,0.040694,0.063090
36.200000,0.000066,0.000072,0.000172,0.000426,0.000758,0.001410,0.002370,0.003990,0.006728,0.011080,0.017264,0.027546,0.042062,0.064930
36.300000,0.000072,0.000084,0.000188,0.000466,0.000800,0.001464,0.002512,0.004202,0.007062,0.011588,0.017978,0.028526,0.043434,0.066740
36.400000,0.000076,0.000094,0.000196,0.000506,0.000856,0.001556,0.002682,0.004434,0.007394,0.012070,0.018730,0.029566,0.044828,0.068630
36.500000,0.000090,0.000100,0.000222,0.000548,0.000936,0.001662,0.002860,0.004692,0.007760,0.012618,0.019488,0.030596,0.046184,0.070424
36.600000,0.000104,0.000112,0.000250,0.000580,0.001002,0.001772,0.003038,0.004916,0.008124,0.013160,0.020226,0.031678,0.047594,0.072246
36.700000,0.000118,0.000116,0.000272,0.000614,0.001070,0.001882,0.003224,0.005178,0.008478,0.013694,0.021048,0.032666,0.049052,0.074244
36.800000,0.000130,0.000130,0.000300,0.000636,0.001134,0.002002,0.003400,0.005442,0.008874,0.014256,0.021888,0.033732,0.050610,0.076266
36.900000,0.000142,0.000142,0.000330,0.000682,0.001218,0.002146,0.003560,0.005722,0.009292,0.014920,0.022640,0.034924,0.052104,0.078244
37.000000,0.000162,0.000160,0.000346,0.000728,0.001310,0.002272,0.003766,0.006028,0.009734,0.015572,0.023460,0.036054,0.053664,0.080336
37.100000,0.000168,0.000190,0.000400,0.000790,0.001412,0.002416,0.003946,0.006338,0.010162,0.016184,0.024280,0.037298,0.055210,0.082470
37.200000,0.000172,0.000212,0.000426,0.000838,0.001532,0.002560,0.004154,0.006644,0.010582,0.016742,0.025122,0.038506,0.056830,0.084690
37.300000,0.000192,0.000226,0.000466,0.000916,0.001660,0.002728,0.004362,0.006996,0.011068,0.017404,0.026092,0.039620,0.058488,0.086920
37.400000,0.000220,0.000238,0.000514,0.000976,0.001782,0.002922,0.004590,0.007366,0.011518,0.018148,0.027078,0.040944,0.060080,0.089078
37.500000,0.000246,0.000264,0.000552,0.001042,0.001882,0.003080,0.004874,0.007776,0.012000,0.018862,0.028084,0.042154,0.061848,0.091274
37.600000,0.000288,0.000286,0.000592,0.001102,0.001984,0.003248,0.005148,0.008136,0.012596,0.019606,0.029118,0.043532,0.063516,0.093616
37.700000,0.000316,0.000318,0.000634,0.001178,0.002112,0.003448,0.005422,0.008578,0.013110,0.020336,0.030134,0.044902,0.065296,0.095854
37.800000,0.000334,0.000342,0.000688,0.001282,0.002244,0.003638,0.005696,0.009022,0.013646,0.021172,0.031144,0.046274,0.067090,0.098070
37.900000,0.000364,0.000374,0.000748,0.001354,0.002384,0.003896,0.005998,0.009460,0.014192,0.022006,0.032254,0.047704,0.068830,0.100468
38.000000,0.000392,0.000412,0.000808,0.001452,0.002556,0.004080,0.006316,0.009922,0.014826,0.022862,0.033398,0.049144,0.070704,0.102928
38.100000,0.000432,0.000454,0.000892,0.001540,0.002718,0.004324,0.006666,0.010380,0.015542,0.023744,0.034522,0.050602,0.072574,0.105512
38.200000,0.000458,0.000486,0.000932,0.001654,0.002920,0.004556,0.007036,0.010820,0.016218,0.024618,0.035670,0.052046,0.074556,0.107910
38.300000,0.000508,0.000532,0.001006,0.001760,0.003082,0.004840,0.007416,0.011336,0.016850,0.025508,0.036876,0.053642,0.076564,0.110526
38.400000,0.000568,0.000570,0.001078,0.001884,0.003250,0.005104,0.007778,0.011802,0.017494,0.026474,0.038112,0.055078,0.078556,0.113004
38.500000,0.000616,0.000612,0.001152,0.002012,0.003478,0.005386,0.008160,0.012342,0.018232,0.027404,0.039368,0.056718,0.080562,0.115628
38.600000,0.000670,0.000652,0.001250,0.002168,0.003674,0.005668,0.008602,0.012930,0.019014,0.028484,0.040654,0.058372,0.082640,0.118214
38.700000,0.000732,0.000726,0.001338,0.002336,0.003880,0.005970,0.009086,0.013550,0.019848,0.029558,0.041880,0.060026,0.084706,0.120940
38.800000,0.000806,0.000782,0.001432,0.002502,0.004126,0.006280,0.009476,0.014136,0.020608,0.030628,0.043320,0.061778,0.086904,0.123676
38.900000,0.000864,0.000848,0.001528,0.002652,0.004414,0.006658,0.009976,0.014774,0.021420,0.031672,0.044632,0.063642,0.089054,0.126406
39.000000,0.000940,0.000948,0.001636,0.002830,0.004688,0.007018,0.010504,0.015398,0.022298,0.032726,0.046160,0.065386,0.091296,0.129072
39.100000,0.001040,0.001032,0.001738,0.003014,0.004952,0.007386,0.011004,0.016048,0.023200,0.033900,0.047520,0.067212,0.093486,0.131888
39.200000,0.001126,0.001102,0.001876,0.003206,0.005238,0.007780,0.011526,0.016746,0.024154,0.035058,0.049114,0.069070,0.095872,0.134642
39.300000,0.001186,0.001154,0.002024,0.003402,0.005538,0.008204,0.012074,0.017418,0.025068,0.036282,0.050734,0.070912,0.098238,0.137450
39.400000,0.001288,0.001266,0.002164,0.003644,0.005878,0.008570,0.012686,0.018186,0.025934,0.037588,0.052280,0.072872,0.100678,0.140448
39.500000,0.001386,0.001350,0.002304,0.003834,0.006230,0.009024,0.013262,0.018952,0.027018,0.038840,0.053874,0.074928,0.103024,0.143380
39.600000,0.001492,0.001454,0.002456,0.004118,0.006598,0.009456,0.013820,0.019708,0.027994,0.040100,0.055474,0.076998,0.105396,0.146372
39.700000,0.001610,0.001570,0.002630,0.004358,0.006912,0.009928,0.014426,0.020486,0.029058,0.041436,0.057168,0.079102,0.107706,0.149474
39.800000,0.001726,0.001672,0.002816,0.004606,0.007262,0.010412,0.015048,0.021428,0.030050,0.042728,0.058918,0.081142,0.110114,0.152494
39.900000,0.001886,0.001800,0.003006,0.004874,0.007646,0.010908,0.015714,0.022300,0.031182,0.044144,0.060600,0.083222,0.112742,0.155510
40.000000,0.002022,0.001914,0.003204,0.005148,0.008040,0.011430,0.016414,0.023240,0.032390,0.045642,0.062332,0.085466,0.115432,0.158706
40.100000,0.002202,0.002058,0.003396,0.005410,0.008442,0.012004,0.017134,0.024156,0.033586,0.047124,0.064146,0.087622,0.118148,0.161704
40.200000,0.002354,0.002226,0.003640,0.005732,0.008908,0.012590,0.017858,0.025096,0.034696,0.048584,0.066058,0.089884,0.120868,0.164966
40.300000,0.002520,0.002376,0.003870,0.006080,0.009316,0.013184,0.018586,0.026122,0.035944,0.050182,0.067926,0.092106,0.123468,0.168040
40.400000,0.002684,0.002592,0.004114,0.006432,0.009742,0.013834,0.019410,0.027134,0.037126,0.051690,0.069864,0.094304,0.126146,0.171248
40.500000,0.002868,0.002726,0.004384,0.006798,0.010246,0.014516,0.020228,0.028236,0.038442,0.053288,0.071746,0.096682,0.128900,0.174578
40.600000,0.003004,0.002918,0.004652,0.007214,0.010716,0.015192,0.021048,0.029326,0.039780,0.054912,0.073772,0.098986,0.131702,0.177948
40.700000,0.003190,0.003106,0.004942,0.007608,0.011252,0.015900,0.021874,0.030466,0.041248,0.056578,0.075746,0.101258,0.134424,0.181208
40.800000,0.003428,0.003324,0.005256,0.008026,0.011774,0.016668,0.022810,0.031618,0.042648,0.058310,0.077910,0.103740,0.137358,0.184572
40.900000,0.003654,0.003538,0.005598,0.008452,0.012300,0.017400,0.023740,0.032786,0.044120,0.060038,0.079938,0.106312,0.140422,0.188092
41.000000,0.003922,0.003796,0.005942,0.008924,0.012916,0.018220,0.024696,0.033930,0.045598,0.061784,0.082096,0.108752,0.143416,0.191524
41.100000,0.004162,0.004040,0.006274,0.009376,0.013492,0.019046,0.025742,0.035128,0.047066,0.063544,0.084314,0.111324,0.146490,0.194964
41.200000,0.004446,0.004340,0.006616,0.009920,0.014142,0.019918,0.026812,0.036290,0.048554,0.065402,0.086438,0.113868,0.149464,0.198436
41.300000,0.004744,0.004646,0.007032,0.010452,0.014808,0.020742,0.027948,0.037624,0.050184,0.067286,0.088654,0.116424,0.152342,0.201944
41.400000,0.005028,0.004916,0.007470,0.010976,0.015492,0.021576,0.029028,0.039042,0.051782,0.069154,0.090942,0.119046,0.155322,0.205482
41.500000,0.005380,0.005220,0.007892,0.011644,0.016214,0.022444,0.030130,0.040244,0.053548,0.071026,0.093216,0.121834,0.158304,0.208972
41.600000,0.005708,0.005558,0.008388,0.012238,0.016976,0.023414,0.031256,0.041718,0.055326,0.072920,0.095554,0.124478,0.161488,0.212512
41.700000,0.006030,0.005934,0.008874,0.012874,0.017784,0.024384,0.032408,0.043172,0.057180,0.074926,0.098026,0.127290,0.164714,0.215934
41.800000,0.006396,0.006326,0.009340,0.013486,0.018662,0.025446,0.033604,0.044734,0.059018,0.076934,0.100368,0.130004,0.167860,0.219474
41.900000,0.006782,0.006704,0.009866,0.014166,0.019538,0.026540,0.034756,0.046088,0.060884,0.078996,0.102862,0.132898,0.171168,0.223232
42.000000,0.007226,0.007154,0.010440,0.014878,0.020486,0.027566,0.036060,0.047590,0.062770,0.081076,0.105302,0.135732,0.174452,0.226918
42.100000,0.007686,0.007594,0.011052,0.015614,0.021332,0.028674,0.037342,0.049260,0.064550,0.083328,0.107784,0.138606,0.177882,0.230666
42.200000,0.008178,0.008028,0.011678,0.016448,0.022310,0.029790,0.038748,0.050902,0.066486,0.085508,0.110378,0.141520,0.181218,0.234450
42.300000,0.008700,0.008510,0.012246,0.017334,0.023426,0.030960,0.040146,0.052546,0.068320,0.087742,0.112984,0.144432,0.184602,0.238196
42.400000,0.009214,0.008992,0.012868,0.018182,0.024352,0.032184,0.041570,0.054286,0.070370,0.090080,0.115524,0.147368,0.187956,0.242008
42.500000,0.009746,0.009526,0.013600,0.019016,0.025400,0.033316,0.043000,0.056020,0.072342,0.092418,0.118162,0.150476,0.191490,0.245886
42.600000,0.010262,0.010138,0.014276,0.019866,0.026438,0.034480,0.044560,0.057776,0.074388,0.094776,0.120754,0.153514,0.194966,0.249722
42.700000,0.010890,0.010738,0.015020,0.020770,0.027508,0.035882,0.046126,0.059600,0.076516,0.097188,0.123396,0.156508,0.198326,0.253572
42.800000,0.011530,0.011360,0.015834,0.021692,0.028706,0.037216,0.047636,0.061524,0.078544,0.099650,0.126192,0.159684,0.201906,0.257444
42.900000,0.012126,0.012060,0.016614,0.022666,0.029854,0.038634,0.049344,0.063264,0.080740,0.102098,0.128944,0.162760,0.205364,0.261316
43.000000,0.012806,0.012694,0.017418,0.023696,0.031038,0.040066,0.050906,0.065256,0.082876,0.104534,0.131866,0.166038,0.209080,0.265226
43.100000,0.013490,0.013338,0.018236,0.024696,0.032362,0.041592,0.052606,0.067218,0.085042,0.107120,0.134730,0.169296,0.212692,0.269106
43.200000,0.014280,0.014016,0.019056,0.025718,0.033664,0.043036,0.054352,0.069164,0.087434,0.109654,0.137808,0.172610,0.216270,0.273124
43.300000,0.015054,0.014704,0.019958,0.026766,0.035018,0.044642,0.056120,0.071216,0.089744,0.112188,0.140814,0.175848,0.219878,0.277004
43.400000,0.015748,0.015600,0.020884,0.027932,0.036462,0.046260,0.057932,0.073304,0.091906,0.114958,0.143778,0.179314,0.223404,0.280872
43.500000,0.016622,0.016412,0.021858,0.029134,0.037838,0.047878,0.059854,0.075498,0.094330,0.117624,0.146746,0.182526,0.226962,0.284868
43.600000,0.017476,0.017268,0.022862,0.030400,0.039310,0.049662,0.061778,0.077594,0.096714,0.120310,0.149866,0.185790,0.230590,0.289026
43.700000,0.018414,0.018202,0.023952,0.031718,0.040846,0.051324,0.063690,0.079778,0.099246,0.123040,0.152964,0.189224,0.234336,0.293140
43.800000,0.019330,0.019108,0.024978,0.033032,0.042274,0.053162,0.065808,0.082054,0.101842,0.125862,0.156132,0.192654,0.238150,0.297104
43.900000,0.020306,0.020006,0.026070,0.034350,0.043874,0.055062,0.067850,0.084554,0.104390,0.128668,0.159292,0.196194,0.241918,0.301246
44.000000,0.021372,0.021054,0.027296,0.035764,0.045528,0.056962,0.069824,0.086868,0.106926,0.131560,0.162576,0.199614,0.245756,0.305452
44.100000,0.022432,0.022092,0.028640,0.037210,0.047182,0.058830,0.071912,0.089262,0.109584,0.134378,0.165794,0.203218,0.249556,0.309528
44.200000,0.023554,0.023194,0.030046,0.038714,0.048854,0.060804,0.073996,0.091756,0.112180,0.137258,0.169060,0.206786,0.253476,0.313636
44.300000,0.024626,0.024290,0.031382,0.040240,0.050558,0.062780,0.076174,0.094186,0.114880,0.140118,0.172288,0.210450,0.257324,0.317898
44.400000,0.025762,0.025460,0.032662,0.041764,0.052332,0.064868,0.078316,0.096612,0.117818,0.143108,0.175760,0.214118,0.261260,0.322018
44.500000,0.027004,0.026674,0.033978,0.043408,0.054122,0.066986,0.080600,0.099050,0.120542,0.146180,0.179154,0.217734,0.265202,0.326140
44.600000,0.028284,0.027914,0.035458,0.045026,0.056096,0.069088,0.082894,0.101672,0.123510,0.149398,0.182546,0.221444,0.269056,0.330424
44.700000,0.029614,0.029148,0.036898,0.046706,0.058070,0.071354,0.085178,0.104362,0.126482,0.152496,0.186038,0.225132,0.272940,0.334598
44.800000,0.030884,0.030488,0.038380,0.048548,0.060086,0.073566,0.087606,0.107052,0.129378,0.155742,0.189558,0.229076,0.277016,0.338848
44.900000,0.032354,0.031966,0.040010,0.050462,0.062180,0.075852,0.090056,0.109776,0.132358,0.158996,0.192938,0.232926,0.280952,0.343058
45.000000,0.033816,0.033456,0.041582,0.052256,0.064358,0.078074,0.092624,0.112444,0.135270,0.162208,0.196398,0.236748,0.285036,0.347192
45.100000,0.035258,0.034856,0.043304,0.054172,0.066510,0.080534,0.095286,0.115404,0.138326,0.165494,0.199902,0.240572,0.289058,0.351306
45.200000,0.036762,0.036444,0.045054,0.056152,0.068738,0.082982,0.097942,0.118270,0.141424,0.168720,0.203570,0.244546,0.293140,0.355546
45.300000,0.038440,0.038052,0.046882,0.058176,0.071002,0.085320,0.100528,0.121090,0.144482,0.172034,0.207026,0.248554,0.297040,0.359908
45.400000,0.040194,0.039720,0.048724,0.060334,0.073348,0.087856,0.103322,0.124082,0.147706,0.175506,0.210762,0.252266,0.301190,0.364106
45.500000,0.041894,0.041432,0.050706,0.062384,0.075690,0.090304,0.106086,0.127014,0.150880,0.178932,0.214534,0.256226,0.305234,0.368366
45.600000,0.043724,0.043104,0.052652,0.064476,0.077948,0.092872,0.108946,0.130074,0.154090,0.182460,0.218242,0.260210,0.309270,0.372732
45.700000,0.045520,0.044888,0.054674,0.066720,0.080352,0.095526,0.111808,0.133082,0.157402,0.185958,0.221994,0.264144,0.313404,0.376738
45.800000,0.047504,0.046786,0.056824,0.069036,0.082852,0.098220,0.114722,0.136024,0.160712,0.189512,0.225672,0.268140,0.317646,0.380878
45.900000,0.049344,0.048774,0.058946,0.071354,0.085416,0.100974,0.117634,0.139044,0.163936,0.193110,0.229362,0.272112,0.322014,0.385340
46.000000,0.051418,0.050694,0.061008,0.073616,0.088022,0.103808,0.120782,0.142260,0.167328,0.196722,0.233240,0.276132,0.326202,0.389550
46.100000,0.053418,0.052788,0.063228,0.076134,0.090698,0.106740,0.123828,0.145416,0.170654,0.200290,0.237162,0.279958,0.330336,0.393890
46.200000,0.055528,0.054800,0.065600,0.078764,0.093368,0.109622,0.127084,0.148664,0.174234,0.203910,0.240840,0.284192,0.334468,0.398158
46.300000,0.057674,0.057022,0.068064,0.081272,0.096150,0.112628,0.130180,0.151986,0.177942,0.207698,0.244786,0.288106,0.338812,0.402542
46.400000,0.059906,0.059346,0.070508,0.084092,0.098836,0.115620,0.133358,0.155376,0.181476,0.211450,0.248616,0.292274,0.343006,0.406990
46.500000,0.062260,0.061788,0.073062,0.086886,0.101672,0.118692,0.136596,0.158848,0.185046,0.215240,0.252390,0.296308,0.347242,0.411260
46.600000,0.064620,0.064128,0.075526,0.089714,0.104834,0.121700,0.139910,0.162200,0.188624,0.219146,0.256400,0.300460,0.351256,0.415562
46.700000,0.067150,0.066496,0.078240,0.092564,0.107698,0.124916,0.143228,0.165710,0.192348,0.222900,0.260350,0.304690,0.355436,0.419728
46.800000,0.069638,0.069064,0.081016,0.095388,0.110684,0.128142,0.146596,0.169196,0.196022,0.226718,0.264358,0.308900,0.359846,0.423918
46.900000,0.072174,0.071728,0.083716,0.098288,0.113718,0.131484,0.150032,0.172586,0.199846,0.230576,0.268428,0.313134,0.364168,0.428210
47.000000,0.074832,0.074464,0.086542,0.101432,0.116850,0.134708,0.153514,0.176138,0.203608,0.234528,0.272490,0.317348,0.368288,0.432484
47.100000,0.077494,0.077010,0.089384,0.104432,0.120030,0.137932,0.156972,0.179858,0.207316,0.238504,0.276412,0.321536,0.372560,0.436694
47.200000,0.080330,0.079694,0.092406,0.107388,0.123224,0.141202,0.160386,0.183668,0.210896,0.242364,0.280544,0.325714,0.376818,0.440952
47.300000,0.083200,0.082512,0.095404,0.110546,0.126514,0.144572,0.163842,0.187332,0.214722,0.246358,0.284698,0.329932,0.381298,0.445328
47.400000,0.086036,0.085354,0.098434,0.113786,0.129866,0.147886,0.167366,0.191182,0.218502,0.250372,0.289068,0.334148,0.385630,0.449676
47.500000,0.088942,0.088264,0.101656,0.116934,0.133356,0.151340,0.170916,0.194966,0.222442,0.254334,0.293298,0.338562,0.390028,0.453806
47.600000,0.092024,0.091272,0.104938,0.120202,0.137030,0.154920,0.174702,0.198718,0.226408,0.258322,0.297516,0.342886,0.394422,0.458096
47.700000,0.095160,0.094488,0.108236,0.123746,0.140570,0.158476,0.178320,0.202594,0.230178,0.262330,0.301598,0.347030,0.398760,0.462444
47.800000,0.098344,0.097624,0.111700,0.127244,0.144086,0.162138,0.182128,0.206464,0.234260,0.266504,0.305786,0.351134,0.403104,0.466812
47.900000,0.101594,0.100828,0.115124,0.130632,0.147708,0.165780,0.185840,0.210314,0.238398,0.270546,0.309814,0.355488,0.407432,0.471092
48.000000,0.105026,0.104028,0.118712,0.134132,0.151228,0.169484,0.189636,0.214234,0.242654,0.274590,0.313952,0.359646,0.411648,0.475316
48.100000,0.108394,0.107262,0.122332,0.137760,0.154834,0.173416,0.193608,0.218316,0.246760,0.278926,0.318176,0.364104,0.416156,0.479642
48.200000,0.111972,0.110730,0.125744,0.141414,0.158638,0.177364,0.197614,0.222354,0.250970,0.283106,0.322458,0.368510,0.420514,0.483916
48.300000,0.115564,0.114194,0.129478,0.145110,0.162338,0.181164,0.201714,0.226426,0.255250,0.287346,0.326754,0.372746,0.424956,0.488192
48.400000,0.119100,0.117774,0.133080,0.148988,0.166308,0.185026,0.205668,0.230576,0.259408,0.291610,0.330888,0.376980,0.429160,0.492558
48.500000,0.122742,0.121454,0.136854,0.152774,0.170238,0.188946,0.209790,0.234846,0.263606,0.295824,0.335328,0.381270,0.433386,0.496940
48.600000,0.126434,0.125278,0.140710,0.156748,0.174036,0.192908,0.213918,0.239078,0.267958,0.300032,0.339550,0.385628,0.437822,0.501068
48.700000,0.130280,0.129184,0.144758,0.160566,0.178294,0.196918,0.218214,0.243110,0.272132,0.304316,0.343786,0.389984,0.442002,0.505278
48.800000,0.134322,0.133052,0.148840,0.164746,0.182334,0.201090,0.222348,0.247364,0.276334,0.308688,0.348044,0.394394,0.446224,0.509474
48.900000,0.138250,0.137038,0.152768,0.168946,0.186526,0.205190,0.226328,0.251804,0.280716,0.313010,0.352446,0.398838,0.450622,0.513532
49.000000,0.142264,0.141156,0.156780,0.173264,0.190844,0.209326,0.230526,0.256064,0.285068,0.317494,0.356766,0.403234,0.454822,0.517704
49.100000,0.146306,0.145342,0.161070,0.177504,0.194972,0.213632,0.234834,0.260350,0.289350,0.321870,0.361054,0.407576,0.459254,0.521786
49.200000,0.150286,0.149620,0.165358,0.181600,0.199354,0.217944,0.239058,0.264672,0.293732,0.326222,0.365370,0.411872,0.463496,0.526064
49.300000,0.154516,0.153780,0.169558,0.185804,0.203702,0.222244,0.243340,0.268972,0.298088,0.330734,0.369810,0.416246,0.467826,0.530224
49.400000,0.158796,0.158112,0.173870,0.190212,0.208166,0.226610,0.247910,0.273322,0.302442,0.335416,0.374138,0.420608,0.472022,0.534236
49.500000,0.163232,0.162462,0.178250,0.194502,0.212564,0.231076,0.252120,0.277694,0.306854,0.339846,0.378500,0.425102,0.476270,0.538400
49.600000,0.167768,0.166762,0.182722,0.199010,0.216978,0.235540,0.256600,0.282252,0.311302,0.344136,0.383010,0.429390,0.480498,0.542564
49.700000,0.172138,0.171314,0.187340,0.203332,0.221466,0.240108,0.260976,0.286598,0.315876,0.348572,0.387568,0.433844,0.484798,0.546624
49.800000,0.176520,0.175954,0.191814,0.207732,0.225904,0.244546,0.265512,0.291036,0.320330,0.353020,0.392072,0.438120,0.489066,0.550698
49.900000,0.181014,0.180612,0.196446,0.212286,0.230324,0.249144,0.270036,0.295526,0.325000,0.357526,0.396438,0.442502,0.493170,0.554732
50.000000,0.185592,0.185080,0.201168,0.216768,0.234906,0.253702,0.274568,0.300054,0.329562,0.362078,0.400720,0.447056,0.497372,0.558644
50.100000,0.190382,0.189928,0.205922,0.221494,0.239440,0.258448,0.278984,0.304660,0.334034,0.366564,0.405178,0.451494,0.501654,0.562702
50.200000,0.195230,0.194708,0.210728,0.226044,0.244046,0.263206,0.283740,0.309280,0.338490,0.371188,0.409482,0.455816,0.505890,0.566862
50.300000,0.200188,0.199576,0.215486,0.230908,0.248860,0.268066,0.288440,0.313744,0.343126,0.375570,0.413968,0.460256,0.510042,0.570872
50.400000,0.205104,0.204720,0.220430,0.235616,0.253706,0.272846,0.293016,0.318396,0.347776,0.380178,0.418460,0.464554,0.514310,0.574794
50.500000,0.210154,0.209636,0.225268,0.240416,0.258504,0.277640,0.297876,0.323128,0.352290,0.384612,0.422862,0.469022,0.518506,0.578658
50.600000,0.215344,0.214702,0.230284,0.245314,0.263436,0.282584,0.302534,0.327866,0.356866,0.389160,0.427192,0.473464,0.522592,0.582600
50.700000,0.220508,0.219820,0.235330,0.250288,0.268388,0.287350,0.307284,0.332484,0.361490,0.393672,0.431770,0.477678,0.526810,0.586604
50.800000,0.225814,0.225152,0.240348,0.255174,0.273342,0.292158,0.312048,0.337204,0.366138,0.398112,0.436344,0.482012,0.530924,0.590378
50.900000,0.230996,0.230568,0.245410,0.260072,0.278424,0.297086,0.317060,0.342002,0.371002,0.402816,0.440730,0.486488,0.534886,0.594450
51.000000,0.236452,0.235690,0.250778,0.265236,0.283332,0.301746,0.321840,0.346822,0.375774,0.407412,0.445292,0.490802,0.539090,0.598346
51.100000,0.241780,0.241030,0.256148,0.270412,0.288606,0.306494,0.326718,0.351290,0.380610,0.412242,0.449596,0.495030,0.543242,0.601960
51.200000,0.247220,0.246424,0.261358,0.275614,0.293654,0.311294,0.331664,0.356128,0.385376,0.416644,0.453956,0.499380,0.547424,0.605928
51.300000,0.252480,0.251864,0.266648,0.280778,0.298680,0.316306,0.336582,0.360878,0.389942,0.421070,0.458602,0.503752,0.551606,0.609858
51.400000,0.258032,0.257322,0.272024,0.286044,0.303806,0.321116,0.341670,0.365772,0.394476,0.425686,0.463134,0.508094,0.555774,0.613754
51.500000,0.263582,0.263040,0.277324,0.291320,0.308920,0.326216,0.346392,0.370680,0.399024,0.430156,0.467538,0.512462,0.559940,0.617578
51.600000,0.269226,0.268504,0.282910,0.296754,0.313990,0.331076,0.351188,0.375568,0.403848,0.434650,0.471862,0.516804,0.563908,0.621080
51.700000,0.274744,0.274114,0.288570,0.302088,0.319336,0.336218,0.356094,0.380392,0.408622,0.439186,0.476246,0.521002,0.567910,0.624978
51.800000,0.280454,0.279802,0.294176,0.307372,0.324690,0.341122,0.361002,0.385290,0.413456,0.443590,0.480530,0.525292,0.571980,0.628756
51.900000,0.286236,0.285522,0.299516,0.312840,0.330010,0.346238,0.366078,0.389964,0.418182,0.448096,0.484910,0.529610,0.575804,0.632542
52.000000,0.292106,0.291206,0.305100,0.318334,0.335230,0.351154,0.371002,0.394806,0.422902,0.452560,0.489356,0.533952,0.579900,0.636220
52.100000,0.297940,0.296972,0.310758,0.323964,0.340726,0.356360,0.376012,0.399848,0.427690,0.457194,0.493630,0.538092,0.583774,0.639844
52.200000,0.303676,0.302774,0.316396,0.329446,0.346028,0.361582,0.380934,0.404758,0.432430,0.461700,0.498278,0.542392,0.587896,0.643526
52.300000,0.309542,0.308752,0.321992,0.334896,0.351454,0.366920,0.385808,0.409506,0.436984,0.466356,0.502710,0.546526,0.591872,0.647286
52.400000,0.315570,0.314776,0.327816,0.340530,0.356890,0.372084,0.390912,0.414284,0.441704,0.470828,0.507122,0.550906,0.595740,0.650938
52.500000,0.321474,0.320728,0.333632,0.346058,0.362146,0.377400,0.395940,0.419034,0.446388,0.475214,0.511350,0.555174,0.599712,0.654644
52.600000,0.327664,0.326942,0.339510,0.351580,0.367540,0.382598,0.400902,0.423992,0.451064,0.479956,0.515814,0.559130,0.603730,0.658118
52.700000,0.333700,0.333028,0.345374,0.357254,0.372956,0.387848,0.405850,0.428884,0.455736,0.484604,0.520208,0.563232,0.607622,0.661642
52.800000,0.339798,0.339222,0.351384,0.362948,0.378378,0.393190,0.410918,0.433696,0.460426,0.489234,0.524440,0.567436,0.611310,0.665208
52.900000,0.346102,0.345458,0.357228,0.368550,0.383594,0.398430,0.416002,0.438504,0.465088,0.493974,0.528814,0.571414,0.615354,0.668796
53.000000,0.352070,0.351442,0.363252,0.374418,0.389066,0.403696,0.420968,0.443334,0.469884,0.498348,0.533160,0.575516,0.619196,0.672382
53.100000,0.358248,0.357664,0.368930,0.380058,0.394492,0.408916,0.426060,0.448254,0.474560,0.502942,0.537370,0.579668,0.622978,0.675748
53.200000,0.364226,0.364118,0.374786,0.385724,0.400054,0.414090,0.431210,0.453130,0.479226,0.507268,0.541794,0.583630,0.626692,0.679268
53.300000,0.370372,0.370302,0.380712,0.391360,0.405444,0.419306,0.436270,0.457926,0.483890,0.511932,0.546054,0.587736,0.630260,0.682654
53.400000,0.376544,0.376592,0.386638,0.397026,0.410952,0.424626,0.441402,0.462816,0.488408,0.516244,0.550250,0.591816,0.634032,0.686232
53.500000,0.382810,0.383066,0.392662,0.402744,0.416448,0.429980,0.446616,0.467642,0.493184,0.520664,0.554574,0.595742,0.637740,0.689678
53.600000,0.389032,0.389402,0.398692,0.408688,0.421902,0.435334,0.451616,0.472460,0.497778,0.525174,0.558724,0.599782,0.641558,0.693116
53.700000,0.395316,0.395726,0.404874,0.414506,0.427286,0.440518,0.456888,0.477340,0.502418,0.529740,0.562970,0.603602,0.645306,0.696502
53.800000,0.401616,0.402054,0.410922,0.420204,0.432822,0.445676,0.461866,0.482228,0.507122,0.534068,0.567334,0.607560,0.648974,0.699794
53.900000,0.408048,0.408378,0.416988,0.425788,0.438302,0.451004,0.466976,0.487152,0.511666,0.538624,0.571388,0.611564,0.652716,0.703178
54.000000,0.414270,0.414796,0.423086,0.431570,0.443616,0.456380,0.472084,0.491928,0.516284,0.542978,0.575572,0.615576,0.656254,0.706470
54.100000,0.420614,0.421310,0.429082,0.437188,0.449206,0.461532,0.476934,0.496812,0.521022,0.547454,0.579650,0.619386,0.659958,0.709870
54.200000,0.426994,0.427678,0.434980,0.442966,0.454824,0.466740,0.481908,0.501592,0.525674,0.551780,0.583792,0.623180,0.663548,0.713134
54.300000,0.433380,0.433856,0.440976,0.448662,0.460364,0.472118,0.486938,0.506474,0.530128,0.556198,0.587808,0.626878,0.667072,0.716320
54.400000,0.439808,0.440282,0.447036,0.454536,0.465776,0.477230,0.491836,0.511386,0.534626,0.560332,0.591820,0.630710,0.670484,0.719438
54.500000,0.446190,0.446412,0.453030,0.460342,0.471346,0.482308,0.496902,0.516192,0.539088,0.564600,0.595990,0.634562,0.674026,0.722480
54.600000,0.452528,0.452774,0.459050,0.466074,0.476820,0.487580,0.502086,0.521068,0.543594,0.568814,0.599876,0.638158,0.677536,0.725530
54.700000,0.458772,0.458900,0.465190,0.471848,0.482398,0.492942,0.507088,0.525692,0.548154,0.573184,0.604046,0.641924,0.680938,0.728602
54.800000,0.465068,0.465180,0.471118,0.477574,0.487738,0.498028,0.512130,0.530256,0.552704,0.577388,0.608100,0.645740,0.684426,0.731620
54.900000,0.471680,0.471658,0.477118,0.483346,0.493118,0.503066,0.517136,0.534962,0.557218,0.581562,0.612000,0.649394,0.687842,0.734670
55.000000,0.478076,0.478062,0.483242,0.489032,0.498526,0.508324,0.522086,0.539598,0.561756,0.585810,0.615980,0.653116,0.691208,0.737650
55.100000,0.484402,0.484356,0.489336,0.494696,0.503892,0.513304,0.527100,0.544446,0.566272,0.590190,0.620114,0.656786,0.694764,0.740770
55.200000,0.490852,0.490756,0.495352,0.500498,0.509234,0.518442,0.532044,0.549096,0.570644,0.594496,0.624002,0.660338,0.698078,0.743732
55.300000,0.497122,0.497042,0.501332,0.506176,0.514666,0.523680,0.537048,0.553688,0.575168,0.598768,0.627990,0.664002,0.701426,0.746684
55.400000,0.503304,0.503482,0.507292,0.511980,0.519958,0.528750,0.541978,0.558372,0.579512,0.602952,0.632032,0.667646,0.704780,0.749654
55.500000,0.509742,0.509870,0.513116,0.517560,0.525506,0.533842,0.546884,0.563042,0.583968,0.607034,0.635990,0.671136,0.708190,0.752468
55.600000,0.515986,0.516148,0.519104,0.523270,0.530724,0.538780,0.551626,0.567620,0.588334,0.611106,0.639894,0.674812,0.711428,0.755262
55.700000,0.522180,0.522598,0.525018,0.528956,0.535954,0.543904,0.556500,0.572106,0.592616,0.615246,0.643582,0.678366,0.714638,0.758210
55.800000,0.528458,0.528684,0.530856,0.534386,0.541270,0.549138,0.561360,0.576720,0.597060,0.619226,0.647298,0.681886,0.717826,0.761044
55.900000,0.534712,0.534772,0.536674,0.540180,0.546722,0.554276,0.566316,0.581264,0.601500,0.623464,0.651080,0.685314,0.721010,0.763862
56.000000,0.540944,0.540984,0.542754,0.545666,0.552118,0.559326,0.571180,0.585840,0.605796,0.627680,0.654822,0.688838,0.724226,0.766718
56.100000,0.547006,0.547126,0.548794,0.551246,0.557326,0.564428,0.576184,0.590352,0.609754,0.631670,0.658494,0.692280,0.727400,0.769562
56.200000,0.553144,0.553232,0.554726,0.556792,0.562588,0.569460,0.580960,0.594798,0.613920,0.635710,0.662342,0.695616,0.730590,0.772282
56.300000,0.559446,0.559222,0.560606,0.562256,0.567662,0.574554,0.585718,0.599184,0.618140,0.639794,0.666094,0.699140,0.733620,0.774926
56.400000,0.565660,0.565420,0.566410,0.567754,0.572912,0.579436,0.590414,0.603754,0.622314,0.643884,0.669940,0.702512,0.736712,0.777604
56.500000,0.571856,0.571470,0.572170,0.573250,0.577926,0.584322,0.594966,0.608404,0.626436,0.647848,0.673502,0.705932,0.739750,0.780270
56.600000,0.578076,0.577486,0.578128,0.578720,0.583204,0.589126,0.599472,0.612846,0.630520,0.651656,0.677040,0.709244,0.742740,0.783012
56.700000,0.583916,0.583566,0.583962,0.584288,0.588254,0.594052,0.604112,0.617270,0.634818,0.655520,0.680746,0.712566,0.745720,0.785502
56.800000,0.589908,0.589504,0.589590,0.589638,0.593494,0.599016,0.608704,0.621600,0.638896,0.659370,0.684202,0.715842,0.748712,0.788152
56.900000,0.595858,0.595670,0.595324,0.595076,0.598538,0.603902,0.613370,0.625974,0.642930,0.663306,0.687814,0.719146,0.751666,0.790806
57.000000,0.601720,0.601866,0.601028,0.600386,0.603550,0.608744,0.618016,0.630256,0.647090,0.667268,0.691388,0.722376,0.754652,0.793378
57.100000,0.607660,0.607560,0.606546,0.605704,0.608702,0.613370,0.622830,0.634524,0.651170,0.670976,0.694890,0.725692,0.757590,0.795958
57.200000,0.613538,0.613446,0.612074,0.610944,0.613760,0.618212,0.627356,0.638820,0.655230,0.674932,0.698434,0.728902,0.760474,0.798492
57.300000,0.619182,0.619444,0.617776,0.616298,0.618710,0.623064,0.631850,0.643230,0.659078,0.678742,0.701938,0.731992,0.763470,0.800934
57.400000,0.624954,0.625202,0.623268,0.621702,0.623578,0.627676,0.636292,0.647414,0.663066,0.682422,0.705394,0.735178,0.766370,0.803462
57.500000,0.630608,0.631066,0.628686,0.626916,0.628590,0.632472,0.640694,0.651766,0.667108,0.686102,0.708904,0.738338,0.769234,0.805860
57.600000,0.636430,0.636764,0.634146,0.632262,0.633568,0.637192,0.645136,0.655838,0.670904,0.689838,0.712358,0.741508,0.772010,0.808282
57.700000,0.642042,0.642510,0.639426,0.637354,0.638438,0.641994,0.649422,0.660040,0.674782,0.693500,0.715668,0.744580,0.774746,0.810636
57.800000,0.647794,0.648004,0.644628,0.642402,0.643256,0.646548,0.653794,0.664144,0.678660,0.697032,0.719094,0.747576,0.777420,0.813046
57.900000,0.653348,0.653430,0.650192,0.647580,0.647960,0.651066,0.658144,0.668260,0.682486,0.700580,0.722400,0.750502,0.780214,0.815556
58.000000,0.658852,0.658990,0.655448,0.652652,0.652722,0.655488,0.662530,0.672176,0.686376,0.704134,0.725694,0.753544,0.783008,0.817946
58.100000,0.664402,0.664480,0.660830,0.657734,0.657530,0.659914,0.666950,0.676142,0.690186,0.707852,0.729068,0.756326,0.785664,0.820258
58.200000,0.669878,0.670148,0.666030,0.662580,0.662192,0.664332,0.671184,0.680208,0.693946,0.711326,0.732442,0.759324,0.788380,0.822586
58.300000,0.675270,0.675514,0.671138,0.667512,0.666960,0.668830,0.675504,0.684154,0.697784,0.714718,0.735614,0.762294,0.791068,0.824838
58.400000,0.680584,0.680972,0.676140,0.672422,0.671580,0.673322,0.679682,0.687992,0.701570,0.718220,0.738920,0.765296,0.793706,0.827028
58.500000,0.685902,0.686312,0.681204,0.677298,0.676250,0.677730,0.683782,0.692010,0.705430,0.721628,0.742076,0.768308,0.796378,0.829300
58.600000,0.691162,0.691782,0.686408,0.682222,0.680808,0.681958,0.687948,0.696006,0.709098,0.724984,0.745178,0.771082,0.798920,0.831496
58.700000,0.696468,0.697096,0.691362,0.687134,0.685172,0.686144,0.691828,0.699774,0.712656,0.728430,0.748302,0.774000,0.801472,0.833602
58.800000,0.701770,0.702190,0.696292,0.692028,0.689676,0.690632,0.695808,0.703536,0.716262,0.731802,0.751338,0.776752,0.803952,0.835870
58.900000,0.706988,0.707236,0.701224,0.696488,0.694146,0.694962,0.700018,0.707334,0.719860,0.735240,0.754498,0.779494,0.806448,0.838036
59.000000,0.712050,0.712416,0.706116,0.701240,0.698564,0.699326,0.703848,0.711168,0.723432,0.738494,0.757486,0.782102,0.808814,0.840208
59.100000,0.717120,0.717470,0.710952,0.705804,0.702964,0.703500,0.707880,0.714990,0.726858,0.741714,0.760436,0.784904,0.811404,0.842340
59.200000,0.722052,0.722262,0.715710,0.710352,0.707334,0.707668,0.711848,0.718698,0.730512,0.745024,0.763518,0.787606,0.813814,0.844322
59.300000,0.726850,0.727164,0.720348,0.714994,0.711754,0.711764,0.715856,0.722444,0.734154,0.748320,0.766438,0.790168,0.816184,0.846336
59.400000,0.731558,0.731912,0.724960,0.719428,0.715994,0.715866,0.719754,0.726024,0.737602,0.751642,0.769426,0.792896,0.818572,0.848266
59.500000,0.736214,0.736646,0.729754,0.723860,0.720296,0.719854,0.723586,0.729596,0.740992,0.754840,0.772262,0.795454,0.820944,0.850348
59.600000,0.740800,0.741288,0.734344,0.728126,0.724566,0.723858,0.727344,0.733052,0.744398,0.758124,0.775132,0.798114,0.823218,0.852216
59.700000,0.745404,0.746008,0.739094,0.732408,0.728896,0.727748,0.731084,0.736572,0.747588,0.761204,0.777880,0.800730,0.825508,0.854154
59.800000,0.750046,0.750728,0.743656,0.736738,0.733036,0.731718,0.734674,0.740140,0.750872,0.764318,0.780748,0.803102,0.827798,0.856024
59.900000,0.754774,0.755344,0.748012,0.741046,0.737074,0.735602,0.738574,0.743658,0.754166,0.767402,0.783660,0.805630,0.830018,0.857878
60.000000,0.759316,0.759984,0.752372,0.745310,0.741172,0.739476,0.742268,0.747180,0.757380,0.770444,0.786404,0.808156,0.832200,0.859728
60.100000,0.763754,0.764566,0.756672,0.749686,0.745150,0.743306,0.745922,0.750576,0.760458,0.773436,0.789232,0.810712,0.834328,0.861608
60.200000,0.768268,0.769004,0.760952,0.753806,0.749200,0.747226,0.749478,0.754014,0.763730,0.776436,0.791988,0.813150,0.836606,0.863606
60.300000,0.772676,0.773382,0.765082,0.757952,0.753170,0.750972,0.753248,0.757422,0.766930,0.779362,0.794660,0.815436,0.838928,0.865332
60.400000,0.776978,0.777684,0.769288,0.762098,0.757142,0.754762,0.756726,0.760816,0.770050,0.782284,0.797322,0.817902,0.841110,0.867136
60.500000,0.781336,0.781960,0.773306,0.766102,0.760936,0.758274,0.760190,0.764198,0.773296,0.785104,0.800014,0.820316,0.843116,0.868986
60.600000,0.785452,0.786154,0.777408,0.770102,0.764592,0.761832,0.763646,0.767628,0.776358,0.788034,0.802740,0.822754,0.845118,0.870802
60.700000,0.789554,0.790130,0.781540,0.774020,0.768394,0.765682,0.767156,0.770954,0.779388,0.790906,0.805424,0.825084,0.847232,0.872480
60.800000,0.793586,0.794136,0.785470,0.778006,0.772006,0.769248,0.770514,0.774298,0.782386,0.793600,0.807982,0.827344,0.849282,0.874260
60.900000,0.797634,0.798452,0.789428,0.781930,0.775478,0.772792,0.773796,0.777424,0.785262,0.796478,0.810634,0.829626,0.851402,0.876020
61.000000,0.801594,0.802376,0.793394,0.785688,0.779130,0.776362,0.777002,0.780750,0.788280,0.799298,0.813116,0.831904,0.853326,0.877676
61.100000,0.805388,0.806258,0.797216,0.789432,0.782796,0.779862,0.780256,0.783816,0.791244,0.802122,0.815590,0.834156,0.855314,0.879402
61.200000,0.809192,0.810202,0.801118,0.792976,0.786464,0.783274,0.783562,0.786926,0.794178,0.804770,0.818174,0.836358,0.857236,0.881060
61.300000,0.813064,0.814078,0.804868,0.796600,0.789734,0.786590,0.786782,0.790078,0.797128,0.807466,0.820680,0.838426,0.859092,0.882726
61.400000,0.816858,0.817842,0.808526,0.800214,0.793258,0.789972,0.789958,0.793198,0.799950,0.810128,0.823066,0.840656,0.860900,0.884398
61.500000,0.820600,0.821632,0.812316,0.803700,0.796726,0.793218,0.793060,0.796404,0.802786,0.812688,0.825422,0.842724,0.862858,0.886010
61.600000,0.824298,0.825268,0.815938,0.807124,0.800018,0.796472,0.796172,0.799488,0.805650,0.815230,0.827860,0.844880,0.864786,0.887670
61.700000,0.827952,0.828872,0.819548,0.810662,0.803164,0.799824,0.799284,0.802510,0.808292,0.817808,0.830248,0.847000,0.866636,0.889268
61.800000,0.831570,0.832560,0.823026,0.814202,0.806622,0.803060,0.802332,0.805438,0.811054,0.820354,0.832606,0.849162,0.868506,0.890744
61.900000,0.835018,0.835898,0.826572,0.817636,0.810056,0.806270,0.805318,0.808310,0.813774,0.822974,0.834870,0.851270,0.870350,0.892296
62.000000,0.838484,0.839384,0.829952,0.821034,0.813458,0.809332,0.808298,0.811186,0.816388,0.825590,0.837076,0.853318,0.872102,0.893894
62.100000,0.841896,0.842770,0.833304,0.824340,0.816836,0.812384,0.811310,0.814108,0.818998,0.827984,0.839276,0.855306,0.873892,0.895494
62.200000,0.845248,0.846176,0.836610,0.827632,0.819982,0.815504,0.814242,0.816872,0.821724,0.830378,0.841376,0.857392,0.875594,0.897064
62.300000,0.848578,0.849472,0.839924,0.830832,0.823116,0.818592,0.816988,0.819598,0.824526,0.832766,0.843494,0.859482,0.877350,0.898480
62.400000,0.851790,0.852746,0.843124,0.833970,0.826260,0.821432,0.819868,0.822286,0.827082,0.835128,0.845682,0.861474,0.879126,0.899994
62.500000,0.854980,0.855896,0.846406,0.837082,0.829260,0.824462,0.822636,0.824908,0.829572,0.837452,0.847882,0.863368,0.880776,0.901432
62.600000,0.858202,0.858970,0.849348,0.840196,0.832240,0.827460,0.825332,0.827664,0.832070,0.839836,0.850048,0.865228,0.882500,0.902836
62.700000,0.861356,0.862090,0.852410,0.843296,0.835146,0.830322,0.827994,0.830364,0.834508,0.842198,0.852170,0.867180,0.884262,0.904184
62.800000,0.864290,0.865144,0.855396,0.846332,0.838092,0.833120,0.830726,0.832916,0.836960,0.844502,0.854278,0.869054,0.885934,0.905550
62.900000,0.867238,0.868196,0.858320,0.849194,0.840940,0.835894,0.833390,0.835378,0.839294,0.846806,0.856292,0.871002,0.887550,0.906916
63.000000,0.870108,0.871098,0.861220,0.851886,0.843824,0.838672,0.836094,0.838010,0.841750,0.848986,0.858348,0.872886,0.889102,0.908222
63.100000,0.872888,0.873910,0.864064,0.854776,0.846690,0.841524,0.838830,0.840488,0.844094,0.851184,0.860416,0.874610,0.890660,0.909550
63.200000,0.875664,0.876818,0.866916,0.857638,0.849406,0.844222,0.841448,0.842986,0.846544,0.853288,0.862532,0.876424,0.892276,0.910908
63.300000,0.878458,0.879566,0.869738,0.860478,0.852180,0.846910,0.844118,0.845280,0.848968,0.855466,0.864402,0.878180,0.893818,0.912254
63.400000,0.881166,0.882396,0.872420,0.863188,0.854988,0.849546,0.846774,0.847788,0.851166,0.857608,0.866422,0.879902,0.895324,0.913516
63.500000,0.883796,0.885076,0.875152,0.865976,0.857734,0.852166,0.849312,0.850076,0.853388,0.859656,0.868336,0.881464,0.896858,0.914716
63.600000,0.886486,0.887674,0.877840,0.868744,0.860294,0.854760,0.851758,0.852438,0.855712,0.861682,0.870330,0.883208,0.898332,0.915930
63.700000,0.889110,0.890310,0.880390,0.871268,0.862948,0.857252,0.854320,0.854814,0.857912,0.863706,0.872084,0.884934,0.899748,0.917160
63.800000,0.891662,0.892724,0.882888,0.873748,0.865602,0.859770,0.856664,0.857024,0.860006,0.865748,0.873974,0.886624,0.901136,0.918378
63.900000,0.894250,0.895118,0.885490,0.876368,0.868230,0.862310,0.859014,0.859278,0.862112,0.867814,0.875936,0.888262,0.902614,0.919524
64.000000,0.896642,0.897466,0.887930,0.878796,0.870632,0.864694,0.861442,0.861578,0.864288,0.869730,0.877714,0.889958,0.904016,0.920616
64.100000,0.898962,0.899892,0.890426,0.881316,0.873034,0.867084,0.863802,0.863808,0.866428,0.871752,0.879544,0.891562,0.905420,0.921798
64.200000,0.901410,0.902246,0.892786,0.883706,0.875396,0.869528,0.866128,0.866046,0.868580,0.873736,0.881208,0.893142,0.906794,0.922938
64.300000,0.903720,0.904512,0.895168,0.886014,0.877738,0.871906,0.868378,0.868174,0.870608,0.875708,0.882958,0.894770,0.908104,0.924010
64.400000,0.906018,0.906816,0.897460,0.888236,0.879994,0.874220,0.870612,0.870336,0.872744,0.877636,0.884674,0.896288,0.909418,0.925142
64.500000,0.908336,0.908988,0.899836,0.890524,0.882172,0.876512,0.872778,0.872360,0.874728,0.879546,0.886344,0.897776,0.910714,0.926274
64.600000,0.910558,0.911200,0.901982,0.892788,0.884460,0.878688,0.875026,0.874490,0.876622,0.881412,0.888106,0.899252,0.912000,0.927364
64.700000,0.912736,0.913306,0.904086,0.894926,0.886642,0.880950,0.877258,0.876668,0.878542,0.883116,0.889782,0.900798,0.913314,0.928466
64.800000,0.914876,0.915446,0.906198,0.897022,0.888788,0.883096,0.879406,0.878728,0.880422,0.884918,0.891380,0.902312,0.914564,0.929550
64.900000,0.917042,0.917534,0.908256,0.899038,0.891120,0.885182,0.881520,0.880656,0.882264,0.886620,0.893016,0.903708,0.915814,0.930636
65.000000,0.919166,0.919516,0.910312,0.901054,0.893332,0.887294,0.883538,0.882542,0.884134,0.888398,0.894620,0.905180,0.917060,0.931676
65.100000,0.921012,0.921514,0.912234,0.903154,0.895580,0.889368,0.885588,0.884418,0.885886,0.890116,0.896164,0.906588,0.918300,0.932696
65.200000,0.922858,0.923370,0.914246,0.905128,0.897610,0.891476,0.887606,0.886332,0.887714,0.891832,0.897720,0.907994,0.919480,0.933738
65.300000,0.924788,0.925170,0.916340,0.907086,0.899728,0.893562,0.889636,0.888226,0.889606,0.893480,0.899334,0.909314,0.920656,0.934688
65.400000,0.926524,0.926964,0.918238,0.908984,0.901706,0.895450,0.891530,0.890148,0.891380,0.895146,0.900820,0.910690,0.921888,0.935716
65.500000,0.928342,0.928828,0.920162,0.910876,0.903642,0.897454,0.893428,0.892004,0.893164,0.896706,0.902334,0.912070,0.923048,0.936714
65.600000,0.930004,0.930560,0.922076,0.912838,0.905544,0.899312,0.895428,0.893812,0.894918,0.898276,0.903808,0.913360,0.924208,0.937692
65.700000,0.931716,0.932260,0.923952,0.914636,0.907466,0.901088,0.897272,0.895618,0.896584,0.899916,0.905356,0.914674,0.925360,0.938682
65.800000,0.933470,0.933998,0.925646,0.916466,0.909214,0.902904,0.899176,0.897366,0.898326,0.901522,0.906786,0.915978,0.926514,0.939626
65.900000,0.935206,0.935612,0.927282,0.918300,0.910942,0.904780,0.901064,0.899134,0.899992,0.903142,0.908268,0.917236,0.927564,0.940554
66.000000,0.936802,0.937166,0.928936,0.920124,0.912740,0.906632,0.902884,0.900854,0.901620,0.904684,0.909732,0.918402,0.928628,0.941446
66.100000,0.938462,0.938772,0.930532,0.921930,0.914466,0.908530,0.904688,0.902494,0.903252,0.906260,0.911060,0.919674,0.929730,0.942304
66.200000,0.939980,0.940340,0.932168,0.923674,0.916244,0.910384,0.906356,0.904156,0.904836,0.907840,0.912478,0.920870,0.930854,0.943256
66.300000,0.941440,0.941790,0.933726,0.925364,0.918056,0.912134,0.908082,0.905772,0.906416,0.909354,0.913762,0.922076,0.931818,0.944126
66.400000,0.942914,0.943294,0.935284,0.926962,0.919752,0.913810,0.909704,0.907336,0.907938,0.910702,0.915068,0.923294,0.932940,0.945018
66.500000,0.944452,0.944738,0.936934,0.928502,0.921330,0.915542,0.911284,0.908986,0.909360,0.912162,0.916364,0.924498,0.933976,0.945820
66.600000,0.945900,0.946306,0.938492,0.930106,0.922976,0.917126,0.913030,0.910574,0.910878,0.913564,0.917668,0.925606,0.934952,0.946584
66.700000,0.947238,0.947640,0.939944,0.931716,0.924542,0.918796,0.914584,0.912046,0.912474,0.914934,0.918962,0.926742,0.935964,0.947420
66.800000,0.948592,0.949048,0.941402,0.933266,0.926070,0.920348,0.916218,0.913596,0.913962,0.916368,0.920270,0.927956,0.936896,0.948256
66.900000,0.949952,0.950336,0.942776,0.934842,0.927556,0.921962,0.917720,0.915180,0.915388,0.917828,0.921508,0.929146,0.937910,0.948974
67.000000,0.951260,0.951670,0.944148,0.936396,0.929074,0.923566,0.919292,0.916674,0.916802,0.919152,0.922858,0.930276,0.938904,0.949710
67.100000,0.952470,0.952936,0.945564,0.937790,0.930532,0.925090,0.920792,0.918226,0.918246,0.920514,0.924024,0.931410,0.939798,0.950504
67.200000,0.953628,0.954154,0.946888,0.939200,0.932034,0.926616,0.922290,0.919698,0.919592,0.921796,0.925312,0.932466,0.940770,0.951314
67.300000,0.954944,0.955480,0.948222,0.940516,0.933526,0.928064,0.923780,0.921122,0.920962,0.923100,0.926512,0.933534,0.941744,0.951984
67.400000,0.956266,0.956656,0.949428,0.941860,0.934962,0.929498,0.925396,0.922466,0.922320,0.924296,0.927712,0.934536,0.942580,0.952784
67.500000,0.957366,0.957792,0.950686,0.943186,0.936300,0.930828,0.926824,0.923796,0.923678,0.925560,0.928814,0.935568,0.943502,0.953536
67.600000,0.958510,0.958886,0.951898,0.944456,0.937686,0.932208,0.928230,0.925186,0.924908,0.926846,0.929904,0.936526,0.944380,0.954210
67.700000,0.959602,0.959910,0.953140,0.945820,0.938930,0.933494,0.929632,0.926580,0.926184,0.928088,0.931012,0.937532,0.945224,0.954976
67.800000,0.960686,0.960998,0.954364,0.947070,0.940256,0.934808,0.930944,0.927890,0.927438,0.929224,0.932216,0.938456,0.946008,0.955658
67.900000,0.961706,0.962062,0.955584,0.948316,0.941578,0.936076,0.932298,0.929116,0.928676,0.930316,0.933284,0.939488,0.946904,0.956302
68.000000,0.962664,0.963204,0.956760,0.949550,0.942802,0.937444,0.933640,0.930408,0.929886,0.931486,0.934372,0.940460,0.947782,0.956996
68.100000,0.963610,0.964228,0.957846,0.950776,0.944042,0.938734,0.934834,0.931654,0.931158,0.932640,0.935388,0.941348,0.948638,0.957620
68.200000,0.964608,0.965222,0.958928,0.952000,0.945172,0.940026,0.936056,0.932898,0.932446,0.933774,0.936426,0.942362,0.949436,0.958308
68.300000,0.965588,0.966166,0.959934,0.953180,0.946470,0.941310,0.937248,0.934108,0.933656,0.934832,0.937466,0.943352,0.950250,0.958966
68.400000,0.966468,0.967158,0.960954,0.954274,0.947676,0.942452,0.938492,0.935274,0.934824,0.935942,0.938504,0.944302,0.951014,0.959652
68.500000,0.967374,0.968116,0.961950,0.955350,0.948794,0.943644,0.939684,0.936430,0.935962,0.937026,0.939496,0.945150,0.951778,0.960250
68.600000,0.968228,0.968986,0.962940,0.956430,0.949908,0.944856,0.940806,0.937578,0.937010,0.938096,0.940572,0.946108,0.952564,0.960880
68.700000,0.969170,0.969878,0.963896,0.957498,0.950978,0.945946,0.941916,0.938698,0.938032,0.939108,0.941584,0.946994,0.953294,0.961480
68.800000,0.970014,0.970708,0.964792,0.958500,0.952044,0.947008,0.942948,0.939794,0.939076,0.940226,0.942596,0.947822,0.954048,0.962122
68.900000,0.970804,0.971466,0.965738,0.959538,0.953144,0.948084,0.944074,0.940850,0.940142,0.941256,0.943564,0.948698,0.954752,0.962790
69.000000,0.971658,0.972302,0.966578,0.960494,0.954204,0.949102,0.945234,0.941996,0.941250,0.942276,0.944548,0.949576,0.955562,0.963336
69.100000,0.972422,0.972996,0.967412,0.961406,0.955218,0.950156,0.946244,0.943032,0.942360,0.943320,0.945546,0.950342,0.956248,0.963926
69.200000,0.973188,0.973768,0.968288,0.962354,0.956218,0.951214,0.947300,0.944054,0.943374,0.944228,0.946448,0.951132,0.957004,0.964456
69.300000,0.974024,0.974498,0.969146,0.963298,0.957184,0.952210,0.948398,0.945132,0.944356,0.945216,0.947380,0.951912,0.957696,0.965062
69.400000,0.974814,0.975240,0.969894,0.964198,0.958216,0.953222,0.949422,0.946196,0.945320,0.946120,0.948274,0.952772,0.958374,0.965590
69.500000,0.975548,0.975960,0.970670,0.965098,0.959196,0.954206,0.950426,0.947216,0.946326,0.947012,0.949112,0.953558,0.959082,0.966142
69.600000,0.976228,0.976666,0.971430,0.965944,0.960132,0.955258,0.951452,0.948164,0.947250,0.947974,0.949970,0.954288,0.959694,0.966666
69.700000,0.976956,0.977330,0.972194,0.966836,0.961004,0.956098,0.952406,0.949148,0.948178,0.948918,0.950822,0.955010,0.960462,0.967190
69.800000,0.977496,0.978028,0.972992,0.967646,0.961820,0.957108,0.953322,0.950160,0.949204,0.949836,0.951630,0.955724,0.961074,0.967688
69.900000,0.978142,0.978672,0.973752,0.968420,0.962620,0.957960,0.954242,0.951006,0.950122,0.950748,0.952386,0.956470,0.961694,0.968202
70.000000,0.978758,0.979282,0.974402,0.969172,0.963504,0.958920,0.955180,0.951920,0.951016,0.951638,0.953168,0.957214,0.962348,0.968718
70.100000,0.979408,0.979872,0.975118,0.969880,0.964308,0.959840,0.956090,0.952816,0.951922,0.952506,0.953994,0.957926,0.962964,0.969252
70.200000,0.980054,0.980440,0.975830,0.970612,0.965130,0.960712,0.956964,0.953730,0.952800,0.953256,0.954744,0.958652,0.963592,0.969792
70.300000,0.980600,0.980998,0.976494,0.971378,0.965930,0.961648,0.957894,0.954632,0.953704,0.954084,0.955454,0.959346,0.964244,0.970272
70.400000,0.981102,0.981570,0.977098,0.972124,0.966716,0.962438,0.958742,0.955458,0.954588,0.954904,0.956166,0.960040,0.964836,0.970766
70.500000,0.981674,0.982126,0.977678,0.972806,0.967460,0.963290,0.959564,0.956276,0.955456,0.955688,0.956944,0.960684,0.965456,0.971270
70.600000,0.982236,0.982684,0.978246,0.973444,0.968208,0.964072,0.960362,0.957042,0.956274,0.956534,0.957668,0.961368,0.966006,0.971716
70.700000,0.982772,0.983152,0.978818,0.974082,0.968908,0.964922,0.961138,0.957936,0.957152,0.957334,0.958394,0.962022,0.966550,0.972226
70.800000,0.983318,0.983648,0.979504,0.974702,0.969642,0.965692,0.961934,0.958738,0.957988,0.958078,0.959032,0.962628,0.967098,0.972700
70.900000,0.983808,0.984146,0.980086,0.975364,0.970310,0.966404,0.962704,0.959516,0.958770,0.958846,0.959818,0.963250,0.967658,0.973168
71.000000,0.984280,0.984620,0.980622,0.975970,0.970970,0.967156,0.963380,0.960286,0.959534,0.959558,0.960574,0.963868,0.968154,0.973614
71.100000,0.984686,0.985046,0.981188,0.976596,0.971688,0.967852,0.964184,0.961004,0.960282,0.960254,0.961278,0.964544,0.968632,0.974018
71.200000,0.985158,0.985506,0.981758,0.977210,0.972382,0.968588,0.964898,0.961754,0.961020,0.960920,0.961918,0.965158,0.969186,0.974414
71.300000,0.985630,0.985950,0.982216,0.977782,0.972962,0.969234,0.965644,0.962482,0.961762,0.961656,0.962606,0.965790,0.969670,0.974834
71.400000,0.986064,0.986384,0.982738,0.978356,0.973618,0.969930,0.966354,0.963238,0.962462,0.962344,0.963238,0.966378,0.970206,0.975248
71.500000,0.986464,0.986830,0.983224,0.978948,0.974262,0.970594,0.967002,0.963986,0.963168,0.962992,0.963834,0.966952,0.970706,0.975664
71.600000,0.986858,0.987228,0.983704,0.979450,0.974898,0.971218,0.967658,0.964678,0.963816,0.963668,0.964484,0.967546,0.971212,0.976068
71.700000,0.987242,0.987608,0.984138,0.980038,0.975462,0.971926,0.968346,0.965366,0.964506,0.964324,0.965080,0.968096,0.971696,0.976508
71.800000,0.987606,0.987956,0.984646,0.980564,0.976018,0.972496,0.969018,0.966122,0.965228,0.965002,0.965734,0.968644,0.972242,0.976892
71.900000,0.987970,0.988354,0.985084,0.981056,0.976566,0.973150,0.969684,0.966750,0.965816,0.965646,0.966344,0.969140,0.972722,0.977290
72.000000,0.988352,0.988660,0.985464,0.981510,0.977130,0.973722,0.970342,0.967418,0.966474,0.966278,0.966944,0.969644,0.973154,0.977696
72.100000,0.988712,0.988980,0.985892,0.981966,0.977654,0.974394,0.970936,0.968062,0.967060,0.966930,0.967576,0.970116,0.973652,0.978028
72.200000,0.989042,0.989292,0.986302,0.982416,0.978192,0.974952,0.971520,0.968646,0.967680,0.967484,0.968220,0.970630,0.974104,0.978378
72.300000,0.989356,0.989648,0.986660,0.982882,0.978708,0.975492,0.972128,0.969276,0.968282,0.968018,0.968718,0.971194,0.974560,0.978730
72.400000,0.989666,0.989980,0.987014,0.983260,0.979288,0.975994,0.972782,0.969918,0.968860,0.968622,0.969252,0.971662,0.974930,0.979062
72.500000,0.989948,0.990326,0.987398,0.983698,0.979748,0.976550,0.973336,0.970520,0.969424,0.969164,0.969792,0.972138,0.975326,0.979426
72.600000,0.990298,0.990644,0.987808,0.984118,0.980238,0.977054,0.973906,0.971140,0.969954,0.969750,0.970350,0.972624,0.975658,0.979826
72.700000,0.990626,0.990926,0.988154,0.984484,0.980808,0.977538,0.974472,0.971694,0.970490,0.970302,0.970888,0.973126,0.976072,0.980160
72.800000,0.990960,0.991188,0.988480,0.984896,0.981218,0.978108,0.974966,0.972302,0.971034,0.970876,0.971388,0.973628,0.976436,0.980498
72.900000,0.991292,0.991416,0.988790,0.985274,0.981652,0.978572,0.975458,0.972910,0.971588,0.971390,0.971900,0.974072,0.976854,0.980774
73.000000,0.991576,0.991660,0.989040,0.985692,0.982154,0.979076,0.975992,0.973498,0.972192,0.971946,0.972382,0.974592,0.977300,0.981120
73.100000,0.991850,0.991894,0.989386,0.986090,0.982576,0.979576,0.976480,0.974044,0.972694,0.972474,0.972874,0.975006,0.977702,0.981380
73.200000,0.992114,0.992156,0.989658,0.986498,0.983052,0.980024,0.976986,0.974596,0.973208,0.972974,0.973376,0.975376,0.978082,0.981744
73.300000,0.992370,0.992416,0.989968,0.986814,0.983520,0.980482,0.977454,0.975132,0.973736,0.973514,0.973852,0.975824,0.978432,0.982020
73.400000,0.992590,0.992640,0.990290,0.987146,0.983934,0.980980,0.977976,0.975622,0.974198,0.974014,0.974326,0.976250,0.978790,0.982374
73.500000,0.992842,0.992810,0.990540,0.987496,0.984304,0.981376,0.978456,0.976214,0.974656,0.974466,0.974760,0.976618,0.979154,0.982660
73.600000,0.993044,0.993038,0.990828,0.987822,0.984678,0.981820,0.978888,0.976740,0.975128,0.974866,0.975208,0.977058,0.979502,0.982962
73.700000,0.993264,0.993268,0.991030,0.988142,0.985050,0.982206,0.979300,0.977240,0.975640,0.975344,0.975628,0.977472,0.979886,0.983272
73.800000,0.993504,0.993480,0.991296,0.988474,0.985420,0.982692,0.979782,0.977740,0.976108,0.975816,0.976048,0.977944,0.980228,0.983582
73.900000,0.993670,0.993646,0.991510,0.988802,0.985776,0.983088,0.980290,0.978194,0.976572,0.976254,0.976476,0.978392,0.980548,0.983808
74.000000,0.993840,0.993836,0.991730,0.989092,0.986160,0.983440,0.980706,0.978650,0.977074,0.976722,0.976886,0.978768,0.980904,0.984118
74.100000,0.994000,0.994032,0.991990,0.989444,0.986420,0.983836,0.981090,0.979090,0.977528,0.977188,0.977348,0.979128,0.981186,0.984454
74.200000,0.994192,0.994262,0.992210,0.989764,0.986768,0.984236,0.981536,0.979532,0.977976,0.977650,0.977784,0.979460,0.981492,0.984766
74.300000,0.994392,0.994430,0.992412,0.990008,0.987098,0.984612,0.981970,0.979968,0.978442,0.978044,0.978222,0.979852,0.981830,0.985026
74.400000,0.994586,0.994600,0.992660,0.990318,0.987410,0.984942,0.982392,0.980404,0.978902,0.978482,0.978602,0.980210,0.982160,0.985316
74.500000,0.994778,0.994786,0.992874,0.990618,0.987754,0.985290,0.982796,0.980830,0.979344,0.978942,0.978952,0.980560,0.982466,0.985540
74.600000,0.994914,0.994968,0.993124,0.990888,0.988016,0.985626,0.983202,0.981246,0.979754,0.979390,0.979310,0.980894,0.982774,0.985786
74.700000,0.995066,0.995138,0.993340,0.991120,0.988346,0.985996,0.983556,0.981590,0.980144,0.979742,0.979702,0.981226,0.983030,0.986040
74.800000,0.995230,0.995280,0.993510,0.991346,0.988634,0.986338,0.983902,0.981988,0.980532,0.980118,0.980050,0.981550,0.983328,0.986282
74.900000,0.995344,0.995438,0.993718,0.991594,0.988960,0.986664,0.984238,0.982390,0.980920,0.980504,0.980452,0.981888,0.983612,0.986508
75.000000,0.995506,0.995594,0.993914,0.991862,0.989280,0.987016,0.984616,0.982738,0.981316,0.980902,0.980818,0.982234,0.983898,0.986750
75.100000,0.995646,0.995718,0.994086,0.992108,0.989604,0.987348,0.984952,0.983124,0.981740,0.981292,0.981164,0.982588,0.984174,0.987000
75.200000,0.995786,0.995874,0.994266,0.992324,0.989904,0.987646,0.985278,0.983490,0.982076,0.981642,0.981524,0.982894,0.984504,0.987230
75.300000,0.995940,0.996030,0.994444,0.992564,0.990182,0.987934,0.985610,0.983850,0.982472,0.981992,0.981838,0.983182,0.984796,0.987442
75.400000,0.996064,0.996166,0.994628,0.992776,0.990422,0.988236,0.985922,0.984166,0.982806,0.982336,0.982200,0.983496,0.985062,0.987638
75.500000,0.996158,0.996300,0.994806,0.992966,0.990680,0.988564,0.986208,0.984518,0.983132,0.982666,0.982528,0.983766,0.985350,0.987876
75.600000,0.996310,0.996430,0.994936,0.993134,0.990920,0.988868,0.986488,0.984838,0.983450,0.983012,0.982876,0.984028,0.985618,0.988090
75.700000,0.996426,0.996520,0.995062,0.993316,0.991156,0.989172,0.986796,0.985168,0.983774,0.983318,0.983222,0.984318,0.985860,0.988286
75.800000,0.996560,0.996636,0.995226,0.993530,0.991370,0.989438,0.987102,0.985498,0.984078,0.983620,0.983560,0.984636,0.986062,0.988516
75.900000,0.996656,0.996730,0.995364,0.993714,0.991596,0.989672,0.987380,0.985830,0.984410,0.983948,0.983846,0.984924,0.986314,0.988720
76.000000,0.996762,0.996868,0.995524,0.993882,0.991796,0.989938,0.987682,0.986136,0.984734,0.984274,0.984142,0.985196,0.986580,0.988914
76.100000,0.996900,0.996980,0.995674,0.994046,0.991978,0.990198,0.987990,0.986462,0.985058,0.984560,0.984446,0.985460,0.986816,0.989104
76.200000,0.997020,0.997066,0.995802,0.994194,0.992220,0.990464,0.988316,0.986788,0.985400,0.984812,0.984702,0.985714,0.987046,0.989312
76.300000,0.997136,0.997172,0.995940,0.994352,0.992410,0.990708,0.988596,0.987058,0.985742,0.985080,0.984974,0.985990,0.987272,0.989506
76.400000,0.997244,0.997248,0.996080,0.994500,0.992626,0.990948,0.988898,0.987364,0.986034,0.985382,0.985314,0.986254,0.987538,0.989680
76.500000,0.997342,0.997326,0.996218,0.994650,0.992804,0.991152,0.989138,0.987652,0.986346,0.985694,0.985562,0.986470,0.987766,0.989854
76.600000,0.997458,0.997412,0.996344,0.994810,0.993040,0.991376,0.989400,0.987922,0.986640,0.985970,0.985848,0.986732,0.988014,0.990012
76.700000,0.997546,0.997502,0.996456,0.994948,0.993198,0.991588,0.989618,0.988184,0.986908,0.986230,0.986098,0.987000,0.988222,0.990186
76.800000,0.997634,0.997606,0.996542,0.995044,0.993352,0.991828,0.989864,0.988446,0.987222,0.986468,0.986382,0.987182,0.988424,0.990346
76.900000,0.997712,0.997678,0.996654,0.995182,0.993506,0.992038,0.990098,0.988660,0.987462,0.986752,0.986622,0.987394,0.988630,0.990484
77.000000,0.997798,0.997770,0.996744,0.995344,0.993712,0.992242,0.990318,0.988902,0.987750,0.987030,0.986874,0.987604,0.988822,0.990660
77.100000,0.997878,0.997852,0.996852,0.995508,0.993870,0.992458,0.990552,0.989114,0.987994,0.987272,0.987120,0.987840,0.989010,0.990822
77.200000,0.997940,0.997914,0.996968,0.995642,0.994032,0.992630,0.990780,0.989360,0.988212,0.987550,0.987376,0.988076,0.989190,0.990952
77.300000,0.998024,0.997980,0.997096,0.995752,0.994200,0.992834,0.991006,0.989596,0.988448,0.987774,0.987612,0.988318,0.989390,0.991152
77.400000,0.998092,0.998062,0.997182,0.995892,0.994378,0.993004,0.991180,0.989790,0.988708,0.988014,0.987842,0.988512,0.989598,0.991338
77.500000,0.998154,0.998118,0.997274,0.995990,0.994506,0.993174,0.991386,0.989998,0.988964,0.988264,0.988038,0.988724,0.989794,0.991482
77.600000,0.998236,0.998174,0.997362,0.996120,0.994684,0.993346,0.991578,0.990192,0.989190,0.988474,0.988298,0.988940,0.990012,0.991642
77.700000,0.998294,0.998232,0.997432,0.996248,0.994820,0.993534,0.991772,0.990400,0.989390,0.988674,0.988532,0.989134,0.990172,0.991810
77.800000,0.998354,0.998292,0.997508,0.996370,0.994968,0.993710,0.991990,0.990612,0.989620,0.988878,0.988724,0.989370,0.990346,0.991964
77.900000,0.998428,0.998342,0.997574,0.996494,0.995114,0.993884,0.992160,0.990804,0.989830,0.989124,0.988930,0.989558,0.990550,0.992118
78.000000,0.998488,0.998416,0.997650,0.996586,0.995240,0.994016,0.992366,0.990972,0.990032,0.989370,0.989104,0.989734,0.990722,0.992244
78.100000,0.998552,0.998468,0.997720,0.996662,0.995396,0.994152,0.992556,0.991180,0.990230,0.989608,0.989280,0.989912,0.990902,0.992378
78.200000,0.998608,0.998534,0.997792,0.996756,0.995528,0.994278,0.992748,0.991362,0.990496,0.989828,0.989496,0.990090,0.991068,0.992494
78.300000,0.998658,0.998596,0.997872,0.996866,0.995640,0.994414,0.992944,0.991562,0.990674,0.990046,0.989698,0.990248,0.991258,0.992622
78.400000,0.998692,0.998632,0.997930,0.996968,0.995730,0.994566,0.993128,0.991746,0.990852,0.990230,0.989902,0.990408,0.991426,0.992780
78.500000,0.998750,0.998686,0.997986,0.997024,0.995882,0.994694,0.993300,0.991932,0.991058,0.990418,0.990088,0.990564,0.991572,0.992918
78.600000,0.998782,0.998722,0.998064,0.997126,0.996010,0.994836,0.993490,0.992092,0.991242,0.990630,0.990278,0.990736,0.991750,0.993032
78.700000,0.998822,0.998764,0.998134,0.997248,0.996128,0.994966,0.993652,0.992310,0.991420,0.990820,0.990498,0.990910,0.991914,0.993160
78.800000,0.998848,0.998810,0.998192,0.997324,0.996230,0.995064,0.993806,0.992478,0.991558,0.991006,0.990670,0.991098,0.992070,0.993290
78.900000,0.998888,0.998838,0.998248,0.997402,0.996316,0.995210,0.993968,0.992634,0.991742,0.991188,0.990850,0.991284,0.992224,0.993400
79.000000,0.998922,0.998868,0.998314,0.997498,0.996400,0.995348,0.994100,0.992804,0.991904,0.991354,0.991004,0.991418,0.992386,0.993522
79.100000,0.998962,0.998914,0.998356,0.997558,0.996500,0.995466,0.994242,0.993008,0.992052,0.991526,0.991176,0.991570,0.992524,0.993640
79.200000,0.998996,0.998960,0.998402,0.997632,0.996602,0.995584,0.994366,0.993162,0.992250,0.991700,0.991356,0.991786,0.992672,0.993762
79.300000,0.999028,0.999008,0.998468,0.997692,0.996702,0.995688,0.994480,0.993308,0.992412,0.991868,0.991512,0.991972,0.992814,0.993886
79.400000,0.999058,0.999040,0.998514,0.997750,0.996802,0.995804,0.994586,0.993464,0.992560,0.992020,0.991686,0.992130,0.992914,0.993974
79.500000,0.999088,0.999090,0.998562,0.997816,0.996892,0.995936,0.994720,0.993620,0.992702,0.992180,0.991852,0.992306,0.993064,0.994078
79.600000,0.999110,0.999114,0.998608,0.997876,0.996962,0.996044,0.994840,0.993766,0.992870,0.992316,0.992036,0.992424,0.993160,0.994204
79.700000,0.999142,0.999140,0.998648,0.997940,0.997044,0.996160,0.994964,0.993918,0.993012,0.992484,0.992202,0.992562,0.993272,0.994296
79.800000,0.999170,0.999174,0.998680,0.998006,0.997110,0.996242,0.995096,0.994048,0.993130,0.992632,0.992376,0.992702,0.993386,0.994376
79.900000,0.999194,0.999194,0.998720,0.998084,0.997172,0.996342,0.995198,0.994154,0.993266,0.992792,0.992500,0.992830,0.993516,0.994484
80.000000,0.999212,0.999218,0.998760,0.998146,0.997278,0.996434,0.995312,0.994300,0.993388,0.992940,0.992596,0.992992,0.993626,0.994592
80.100000,0.999242,0.999248,0.998804,0.998198,0.997336,0.996524,0.995424,0.994440,0.993524,0.993084,0.992734,0.993128,0.993744,0.994704
80.200000,0.999272,0.999278,0.998846,0.998256,0.997418,0.996588,0.995534,0.994586,0.993654,0.993232,0.992858,0.993252,0.993850,0.994812
80.300000,0.999296,0.999314,0.998872,0.998300,0.997492,0.996678,0.995648,0.994688,0.993770,0.993370,0.992982,0.993358,0.993964,0.994920
80.400000,0.999326,0.999344,0.998910,0.998360,0.997560,0.996754,0.995778,0.994802,0.993900,0.993502,0.993086,0.993496,0.994094,0.995018
80.500000,0.999352,0.999380,0.998948,0.998418,0.997628,0.996832,0.995860,0.994946,0.994010,0.993652,0.993224,0.993628,0.994228,0.995110
80.600000,0.999380,0.999396,0.998976,0.998456,0.997702,0.996912,0.995976,0.995084,0.994170,0.993776,0.993356,0.993770,0.994344,0.995176
80.700000,0.999414,0.999428,0.999018,0.998508,0.997762,0.996990,0.996112,0.995210,0.994300,0.993904,0.993508,0.993874,0.994464,0.995206
80.800000,0.999432,0.999440,0.999050,0.998546,0.997808,0.997080,0.996208,0.995330,0.994404,0.994014,0.993654,0.993994,0.994558,0.995284
80.900000,0.999456,0.999462,0.999090,0.998596,0.997872,0.997144,0.996292,0.995442,0.994540,0.994154,0.993790,0.994116,0.994644,0.995380
81.000000,0.999476,0.999478,0.999136,0.998636,0.997942,0.997226,0.996382,0.995518,0.994632,0.994274,0.993912,0.994226,0.994738,0.995450
81.100000,0.999488,0.999504,0.999172,0.998670,0.997996,0.997302,0.996452,0.995624,0.994756,0.994370,0.994014,0.994304,0.994822,0.995528
81.200000,0.999500,0.999524,0.999198,0.998704,0.998058,0.997386,0.996540,0.995710,0.994884,0.994480,0.994154,0.994414,0.994918,0.995598
81.300000,0.999526,0.999542,0.999228,0.998744,0.998098,0.997462,0.996600,0.995796,0.994992,0.994610,0.994280,0.994536,0.994998,0.995686
81.400000,0.999548,0.999560,0.999254,0.998784,0.998158,0.997526,0.996678,0.995918,0.995068,0.994742,0.994390,0.994650,0.995094,0.995760
81.500000,0.999558,0.999578,0.999290,0.998822,0.998222,0.997590,0.996746,0.996032,0.995170,0.994858,0.994546,0.994754,0.995198,0.995844
81.600000,0.999574,0.999610,0.999308,0.998880,0.998266,0.997640,0.996838,0.996110,0.995260,0.994990,0.994652,0.994840,0.995302,0.995916
81.700000,0.999588,0.999632,0.999342,0.998912,0.998310,0.997708,0.996910,0.996194,0.995334,0.995096,0.994752,0.994964,0.995384,0.995988
81.800000,0.999600,0.999644,0.999362,0.998956,0.998362,0.997784,0.997004,0.996278,0.995438,0.995204,0.994866,0.995058,0.995478,0.996066
81.900000,0.999616,0.999656,0.999384,0.998988,0.998412,0.997852,0.997094,0.996370,0.995554,0.995296,0.994978,0.995166,0.995548,0.996140
82.000000,0.999628,0.999666,0.999404,0.999010,0.998448,0.997914,0.997140,0.996452,0.995646,0.995392,0.995050,0.995240,0.995628,0.996202
82.100000,0.999636,0.999686,0.999418,0.999040,0.998474,0.997970,0.997208,0.996530,0.995768,0.995470,0.995154,0.995354,0.995682,0.996262
82.200000,0.999642,0.999696,0.999428,0.999080,0.998514,0.998028,0.997278,0.996626,0.995874,0.995586,0.995252,0.995436,0.995748,0.996342
82.300000,0.999658,0.999700,0.999444,0.999104,0.998556,0.998076,0.997342,0.996680,0.995984,0.995666,0.995344,0.995508,0.995814,0.996430
82.400000,0.999668,0.999714,0.999470,0.999138,0.998588,0.998132,0.997426,0.996768,0.996064,0.995744,0.995444,0.995602,0.995898,0.996510
82.500000,0.999684,0.999734,0.999482,0.999168,0.998624,0.998194,0.997480,0.996838,0.996140,0.995836,0.995530,0.995692,0.995980,0.996576
82.600000,0.999694,0.999748,0.999498,0.999184,0.998654,0.998244,0.997556,0.996908,0.996190,0.995938,0.995602,0.995776,0.996048,0.996628
82.700000,0.999706,0.999762,0.999508,0.999216,0.998702,0.998286,0.997608,0.996996,0.996254,0.996034,0.995670,0.995876,0.996130,0.996682
82.800000,0.999718,0.999766,0.999524,0.999234,0.998736,0.998314,0.997676,0.997078,0.996338,0.996132,0.995748,0.995932,0.996196,0.996746
82.900000,0.999726,0.999774,0.999540,0.999256,0.998784,0.998366,0.997732,0.997150,0.996408,0.996228,0.995844,0.996008,0.996260,0.996800
83.000000,0.999744,0.999784,0.999554,0.999280,0.998818,0.998410,0.997772,0.997232,0.996502,0.996302,0.995928,0.996086,0.996328,0.996860
83.100000,0.999750,0.999798,0.999562,0.999300,0.998838,0.998442,0.997838,0.997300,0.996590,0.996388,0.996018,0.996152,0.996402,0.996916
83.200000,0.999762,0.999804,0.999586,0.999318,0.998876,0.998492,0.997900,0.997376,0.996656,0.996464,0.996118,0.996250,0.996490,0.996984
83.300000,0.999768,0.999808,0.999598,0.999336,0.998920,0.998534,0.997950,0.997452,0.996736,0.996524,0.996208,0.996336,0.996540,0.997042
83.400000,0.999782,0.999818,0.999612,0.999362,0.998950,0.998580,0.998018,0.997504,0.996808,0.996582,0.996282,0.996404,0.996600,0.997102
83.500000,0.999786,0.999830,0.999624,0.999374,0.998990,0.998612,0.998082,0.997562,0.996902,0.996638,0.996358,0.996488,0.996642,0.997152
83.600000,0.999790,0.999836,0.999638,0.999402,0.999032,0.998654,0.998136,0.997620,0.996986,0.996722,0.996412,0.996548,0.996700,0.997212
83.700000,0.999792,0.999838,0.999650,0.999422,0.999060,0.998700,0.998190,0.997674,0.997046,0.996794,0.996472,0.996634,0.996780,0.997272
83.800000,0.999800,0.999844,0.999668,0.999436,0.999092,0.998720,0.998248,0.997756,0.997114,0.996856,0.996536,0.996712,0.996824,0.997318
83.900000,0.999800,0.999858,0.999682,0.999466,0.999120,0.998744,0.998298,0.997796,0.997186,0.996920,0.996608,0.996782,0.996888,0.997360
84.000000,0.999802,0.999862,0.999692,0.999470,0.999142,0.998776,0.998332,0.997856,0.997244,0.997014,0.996688,0.996854,0.996954,0.997406
84.100000,0.999812,0.999866,0.999696,0.999490,0.999170,0.998816,0.998366,0.997904,0.997308,0.997086,0.996744,0.996910,0.997006,0.997450
84.200000,0.999822,0.999866,0.999706,0.999520,0.999196,0.998840,0.998420,0.997950,0.997346,0.997144,0.996810,0.996970,0.997064,0.997486
84.300000,0.999828,0.999872,0.999718,0.999530,0.999230,0.998874,0.998476,0.998014,0.997408,0.997192,0.996876,0.997042,0.997136,0.997532
84.400000,0.999834,0.999874,0.999730,0.999560,0.999262,0.998898,0.998510,0.998060,0.997488,0.997242,0.996926,0.997118,0.997190,0.997574
84.500000,0.999838,0.999880,0.999748,0.999566,0.999282,0.998926,0.998554,0.998098,0.997546,0.997272,0.996996,0.997176,0.997256,0.997610
84.600000,0.999850,0.999882,0.999752,0.999582,0.999302,0.998968,0.998596,0.998132,0.997604,0.997320,0.997072,0.997228,0.997306,0.997644
84.700000,0.999860,0.999884,0.999760,0.999596,0.999338,0.998996,0.998618,0.998172,0.997668,0.997370,0.997116,0.997294,0.997356,0.997682
84.800000,0.999868,0.999884,0.999766,0.999614,0.999356,0.999024,0.998648,0.998232,0.997708,0.997412,0.997156,0.997334,0.997404,0.997728
84.900000,0.999876,0.999892,0.999776,0.999628,0.999378,0.999056,0.998688,0.998254,0.997766,0.997476,0.997212,0.997396,0.997446,0.997772
85.000000,0.999876,0.999894,0.999784,0.999634,0.999394,0.999094,0.998698,0.998296,0.997832,0.997532,0.997278,0.997438,0.997496,0.997822
85.100000,0.999878,0.999896,0.999796,0.999640,0.999408,0.999124,0.998726,0.998338,0.997874,0.997576,0.997316,0.997494,0.997540,0.997872
85.200000,0.999880,0.999900,0.999800,0.999654,0.999426,0.999144,0.998758,0.998374,0.997910,0.997630,0.997348,0.997548,0.997600,0.997910
85.300000,0.999884,0.999904,0.999812,0.999656,0.999446,0.999164,0.998794,0.998414,0.997938,0.997658,0.997406,0.997598,0.997646,0.997952
85.400000,0.999892,0.999910,0.999814,0.999666,0.999472,0.999196,0.998814,0.998452,0.997982,0.997710,0.997458,0.997632,0.997708,0.997980
85.500000,0.999896,0.999912,0.999814,0.999672,0.999498,0.999228,0.998838,0.998488,0.998034,0.997740,0.997530,0.997664,0.997748,0.998016
85.600000,0.999900,0.999914,0.999824,0.999684,0.999512,0.999248,0.998876,0.998514,0.998066,0.997790,0.997584,0.997722,0.997800,0.998050
85.700000,0.999906,0.999916,0.999832,0.999690,0.999524,0.999266,0.998900,0.998568,0.998106,0.997836,0.997630,0.997784,0.997840,0.998072
85.800000,0.999912,0.999916,0.999836,0.999698,0.999542,0.999282,0.998918,0.998602,0.998154,0.997892,0.997668,0.997820,0.997874,0.998118
85.900000,0.999914,0.999920,0.999846,0.999712,0.999550,0.999308,0.998944,0.998638,0.998196,0.997926,0.997726,0.997862,0.997924,0.998162
86.000000,0.999916,0.999922,0.999848,0.999712,0.999566,0.999332,0.998982,0.998682,0.998252,0.997966,0.997768,0.997908,0.997962,0.998180
86.100000,0.999920,0.999926,0.999852,0.999722,0.999584,0.999356,0.999004,0.998706,0.998288,0.998018,0.997810,0.997972,0.997992,0.998218
86.200000,0.999928,0.999930,0.999860,0.999736,0.999592,0.999378,0.999040,0.998742,0.998326,0.998064,0.997844,0.998020,0.998022,0.998252
86.300000,0.999934,0.999936,0.999868,0.999744,0.999612,0.999392,0.999066,0.998780,0.998366,0.998092,0.997878,0.998078,0.998050,0.998284
86.400000,0.999940,0.999938,0.999872,0.999758,0.999634,0.999408,0.999100,0.998818,0.998398,0.998152,0.997912,0.998120,0.998086,0.998308
86.500000,0.999940,0.999940,0.999876,0.999762,0.999640,0.999428,0.999126,0.998842,0.998430,0.998196,0.997952,0.998154,0.998126,0.998340
86.600000,0.999948,0.999944,0.999884,0.999766,0.999648,0.999454,0.999162,0.998874,0.998480,0.998226,0.998000,0.998200,0.998174,0.998372
86.700000,0.999954,0.999944,0.999892,0.999768,0.999654,0.999466,0.999188,0.998908,0.998504,0.998266,0.998048,0.998230,0.998216,0.998404
86.800000,0.999954,0.999944,0.999894,0.999768,0.999670,0.999480,0.999218,0.998934,0.998528,0.998306,0.998080,0.998256,0.998268,0.998440
86.900000,0.999958,0.999950,0.999896,0.999776,0.999670,0.999494,0.999242,0.998962,0.998548,0.998344,0.998116,0.998280,0.998288,0.998480
87.000000,0.999960,0.999954,0.999902,0.999784,0.999680,0.999508,0.999268,0.998986,0.998574,0.998370,0.998170,0.998320,0.998330,0.998514
87.100000,0.999962,0.999954,0.999904,0.999794,0.999688,0.999526,0.999284,0.999016,0.998610,0.998404,0.998220,0.998346,0.998360,0.998534
87.200000,0.999966,0.999954,0.999904,0.999796,0.999698,0.999536,0.999306,0.999044,0.998642,0.998456,0.998264,0.998382,0.998390,0.998562
87.300000,0.999966,0.999954,0.999910,0.999800,0.999708,0.999550,0.999324,0.999070,0.998658,0.998498,0.998312,0.998416,0.998428,0.998590
87.400000,0.999968,0.999956,0.999918,0.999804,0.999718,0.999560,0.999338,0.999100,0.998702,0.998524,0.998342,0.998460,0.998466,0.998604
87.500000,0.999968,0.999956,0.999918,0.999812,0.999726,0.999570,0.999350,0.999114,0.998742,0.998560,0.998378,0.998500,0.998510,0.998626
87.600000,0.999968,0.999960,0.999922,0.999820,0.999732,0.999578,0.999374,0.999140,0.998776,0.998604,0.998412,0.998516,0.998536,0.998648
87.700000,0.999968,0.999960,0.999926,0.999822,0.999736,0.999588,0.999388,0.999160,0.998800,0.998628,0.998440,0.998546,0.998562,0.998680
87.800000,0.999968,0.999962,0.999930,0.999830,0.999742,0.999602,0.999406,0.999174,0.998834,0.998650,0.998464,0.998566,0.998584,0.998714
87.900000,0.999968,0.999964,0.999930,0.999834,0.999752,0.999616,0.999420,0.999196,0.998856,0.998676,0.998510,0.998590,0.998610,0.998744
88.000000,0.999968,0.999964,0.999930,0.999838,0.999756,0.999624,0.999430,0.999216,0.998906,0.998710,0.998530,0.998618,0.998646,0.998760
88.100000,0.999970,0.999964,0.999930,0.999848,0.999768,0.999636,0.999446,0.999222,0.998928,0.998724,0.998544,0.998632,0.998676,0.998798
88.200000,0.999972,0.999966,0.999936,0.999850,0.999770,0.999648,0.999464,0.999242,0.998956,0.998754,0.998578,0.998662,0.998702,0.998818
88.300000,0.999972,0.999972,0.999936,0.999856,0.999780,0.999654,0.999476,0.999260,0.998980,0.998780,0.998614,0.998680,0.998730,0.998838
88.400000,0.999974,0.999974,0.999936,0.999862,0.999788,0.999664,0.999484,0.999274,0.999010,0.998802,0.998640,0.998708,0.998760,0.998868
88.500000,0.999976,0.999974,0.999936,0.999864,0.999792,0.999676,0.999488,0.999292,0.999038,0.998822,0.998678,0.998736,0.998776,0.998890
88.600000,0.999976,0.999974,0.999936,0.999866,0.999798,0.999680,0.999508,0.999304,0.999068,0.998840,0.998708,0.998754,0.998802,0.998916
88.700000,0.999978,0.999976,0.999942,0.999870,0.999800,0.999688,0.999518,0.999314,0.999088,0.998860,0.998740,0.998782,0.998822,0.998948
88.800000,0.999980,0.999976,0.999944,0.999874,0.999808,0.999704,0.999532,0.999338,0.999114,0.998882,0.998760,0.998802,0.998846,0.998964
88.900000,0.999980,0.999976,0.999944,0.999880,0.999812,0.999710,0.999542,0.999360,0.999142,0.998914,0.998776,0.998826,0.998866,0.998988
89.000000,0.999980,0.999976,0.999948,0.999884,0.999814,0.999716,0.999556,0.999380,0.999166,0.998932,0.998796,0.998846,0.998884,0.998992
89.100000,0.999980,0.999978,0.999952,0.999886,0.999820,0.999720,0.999572,0.999392,0.999176,0.998958,0.998818,0.998872,0.998900,0.999010
89.200000,0.999982,0.999978,0.999956,0.999892,0.999826,0.999732,0.999582,0.999408,0.999198,0.998982,0.998846,0.998882,0.998920,0.999024
89.300000,0.999984,0.999978,0.999956,0.999894,0.999836,0.999738,0.999590,0.999428,0.999216,0.998998,0.998880,0.998902,0.998938,0.999044
89.400000,0.999984,0.999980,0.999958,0.999898,0.999842,0.999756,0.999596,0.999448,0.999232,0.999032,0.998912,0.998936,0.998948,0.999066
89.500000,0.999986,0.999980,0.999960,0.999904,0.999842,0.999762,0.999606,0.999462,0.999244,0.999046,0.998946,0.998968,0.998980,0.999086
89.600000,0.999986,0.999980,0.999962,0.999904,0.999842,0.999770,0.999618,0.999476,0.999264,0.999064,0.998968,0.998984,0.998992,0.999098
89.700000,0.999986,0.999980,0.999964,0.999904,0.999844,0.999782,0.999632,0.999488,0.999280,0.999086,0.998988,0.999002,0.999014,0.999116
89.800000,0.999988,0.999980,0.999968,0.999906,0.999850,0.999786,0.999638,0.999502,0.999302,0.999098,0.999018,0.999022,0.999028,0.999128
89.900000,0.999988,0.999982,0.999968,0.999906,0.999856,0.999794,0.999642,0.999516,0.999310,0.999110,0.999034,0.999042,0.999042,0.999142
90.000000,0.999988,0.999982,0.999970,0.999906,0.999864,0.999798,0.999660,0.999528,0.999318,0.999130,0.999054,0.999066,0.999058,0.999162
