x_return_period_years,y_observed_wind_speed_m_per_s,y_fitted_wind_speed_m_per_s,residual_observed_minus_fitted_m_per_s
10.0,22.21666666666667,21.772200467839806,0.4444661988268628
20.0,23.647222222222222,23.661369327209066,-0.014147104986843573
40.0,25.077777777777776,25.270950604744456,-0.1931728269666806
50.0,25.569444444444443,25.744641615670854,-0.17519717122641154
60.0,25.927777777777777,26.118138138020573,-0.19036036024279568
80.0,26.508333333333333,26.684994951034152,-0.17666161770081956
100.0,26.955555555555556,27.10739304628918,-0.15183749073362307
200.0,28.38611111111111,28.336215155091278,0.049895956019831544
500.0,30.219444444444445,29.80209422243487,0.41735022200957417
