20.200000000000003, 0
20.300000000000004, 0
20.400000000000006, 0
20.500000000000007, 0
20.60000000000001, 0
20.70000000000001, 0
20.80000000000001, 0
20.900000000000013, 0
21.000000000000014, 0
21.100000000000016, 0
21.200000000000017, 0
21.30000000000002, 0
21.40000000000002, 0
21.50000000000002, 0
21.600000000000023, 0
21.700000000000024, 0
21.800000000000026, 0
21.900000000000027, 0
22.00000000000003, 0
22.10000000000003, 0
22.20000000000003, 0
22.300000000000033, 0
22.400000000000034, 0
22.500000000000036, 0
22.600000000000037, 0
22.70000000000004, 0
22.80000000000004, 0
22.90000000000004, 0
23.000000000000043, 0
23.100000000000044, 0
23.200000000000045, 0
23.300000000000047, 0
23.40000000000005, 0
23.50000000000005, 0
23.60000000000005, 0
23.700000000000053, 0
23.800000000000054, 0
23.900000000000055, 0
24.000000000000057, 2.220446049250313e-16
24.10000000000006, 0
24.20000000000006, 4.440892098500626e-16
24.30000000000006, 1.1102230246251565e-15
24.400000000000063, 1.7763568394002505e-15
24.500000000000064, 2.220446049250313e-15
24.600000000000065, 2.6645352591003757e-15
24.700000000000067, 2.886579864025407e-15
24.800000000000068, 3.1086244689504383e-15
24.90000000000007, 2.886579864025407e-15
25.00000000000007, 2.4424906541753444e-15
25.100000000000072, 1.5543122344752192e-15
25.200000000000074, 2.220446049250313e-16
25.300000000000075, 2.4424906541753444e-15
25.400000000000077, -1.1168843627729075e-13
25.500000000000078, 5.74429392941056e-13
25.60000000000008, -1.8207657603852567e-14
25.70000000000008, -1.954103545642738e-11
25.800000000000082, 1.1320966386563214e-10
25.900000000000084, -8.682299323936604e-11
26.000000000000085, -3.3591200931937237e-9
26.100000000000087, 2.199581827788677e-8
26.200000000000088, -3.09548724430897e-8
26.30000000000009, -5.651400498685177e-7
26.40000000000009, 0.000004217900332115221
26.500000000000092, -0.000008365222726958166
26.600000000000094, -0.00009257908877779997
26.700000000000095, 0.00004603781594547662
26.800000000000097, 0.00017946028309268058
26.900000000000098, 0.0003365766954792626
27.0000000000001, 0.0005122917442004216
27.100000000000104, 0.0007015101203518004
27.200000000000102, 0.0008991365150285979
27.300000000000104, 0.0011000756193264571
27.400000000000105, 0.0012992321243405769
27.500000000000107, 0.0014915107211666
27.600000000000108, 0.0016718161008997257
27.70000000000011, 0.0018350529546358185
27.80000000000011, 0.0019761259734698555
27.900000000000112, 0.0022813539104979963
28.000000000000117, 0.002024971030448297
28.100000000000115, 0.002058513720655464
28.200000000000117, 0.0020655981553348024
28.300000000000118, 0.0020332214639862123
28.400000000000123, 0.002060656979144815
28.50000000000012, 0.002255094428686988
28.600000000000122, 0.003408423461946697
28.700000000000127, 0.004712478133309661
28.80000000000013, 0.005853124345029714
28.90000000000013, 0.005341376669677489
29.000000000000128, 0.006144035279035398
29.10000000000013, 0.006132067194623891
29.200000000000134, 0.006407589663657731
29.300000000000136, 0.005243952299440302
29.400000000000137, 0.005771247118091516
29.500000000000135, 0.006159225307286409
29.60000000000014, 0.006617813874710832
29.70000000000014, 0.007130308875406666
29.800000000000143, 0.007680006364416236
29.90000000000014, 0.008250202396781203
30.000000000000146, 0.008824193027544114
30.100000000000147, 0.00938527431174685
30.20000000000015, 0.009916742304431514
30.30000000000015, 0.01040189306064021
30.400000000000148, 0.010824022635414599
30.500000000000153, 0.011785774512111491
30.600000000000154, 0.011601058487302085
30.700000000000156, 0.011275941711864412
30.800000000000153, 0.012916142980436085
30.90000000000016, 0.014487800944124052
31.00000000000016, 0.014296345022660972
31.10000000000016, 0.014511872626715938
31.200000000000163, 0.014410951854789245
31.30000000000016, 0.015591226554168669
31.400000000000166, 0.016910990859721586
31.500000000000167, 0.01718425372346255
31.60000000000017, 0.017320865749899328
31.70000000000017, 0.018121651356766355
31.80000000000017, 0.020347610026747565
31.900000000000173, 0.02136791252714898
32.00000000000017, 0.022298080065298875
32.10000000000017, 0.02330373073797465
32.20000000000017, 0.024346195054185338
32.30000000000018, 0.02538680352293987
32.400000000000176, 0.026386886653247288
32.500000000000185, 0.027307774954116626
32.60000000000018, 0.02811079893455648
32.70000000000019, 0.028757289103576222
32.80000000000018, 0.028686749451855453
32.90000000000018, 0.02897465640294139
33.000000000000185, 0.028518806480440473
33.10000000000019, 0.032466634313626286
33.20000000000019, 0.03190276019086036
33.300000000000196, 0.03331337662582434
33.40000000000019, 0.03507844324824949
33.5000000000002, 0.03592266724992821
33.60000000000019, 0.03806130376234218
33.7000000000002, 0.0378044513897835
33.800000000000196, 0.04058122345281745
33.9000000000002, 0.03996769275381307
34.0000000000002, 0.041969933307981155
34.10000000000021, 0.04328709095214911
34.2000000000002, 0.04484687752620364
34.30000000000021, 0.04656501908058874
34.400000000000205, 0.04835724166574773
34.50000000000021, 0.050139271332124036
34.60000000000021, 0.05182683413016109
34.70000000000021, 0.05333565611030233
34.80000000000021, 0.054581463322991186
34.90000000000022, 0.0556827532134333
35.00000000000021, 0.05853935500608198
35.10000000000022, 0.05979026713573343
35.200000000000216, 0.061043194796654876
35.300000000000225, 0.062385590724594486
35.40000000000022, 0.0655038449209634
35.50000000000023, 0.06702826517132543
35.60000000000022, 0.07023449338636145
35.70000000000022, 0.06956027612141935
35.800000000000225, 0.07270907013369587
35.90000000000023, 0.07288072499664733
36.00000000000023, 0.07469731131761648
36.100000000000236, 0.07702712464462635
36.20000000000023, 0.07968251841731955
36.30000000000024, 0.08247584607533898
36.40000000000023, 0.08521946105832667
36.500000000000234, 0.08772571680592522
36.600000000000236, 0.0898069667577771
36.700000000000244, 0.09175529758457213
36.80000000000024, 0.09197858966474248
36.90000000000025, 0.09290259001532752
37.00000000000024, 0.09646610720306203
37.10000000000025, 0.09950367837080454
37.200000000000244, 0.09961515110423902
37.30000000000025, 0.10199231538175968
37.40000000000025, 0.10697084352225983
37.50000000000025, 0.10877112622139729
37.60000000000025, 0.1108121268689155
37.70000000000026, 0.1133568599156145
37.80000000000025, 0.11621555229711866
37.90000000000026, 0.11919843094905214
38.000000000000256, 0.1221157228070392
38.100000000000264, 0.12477765480670389
38.20000000000026, 0.1269944538836707
38.30000000000026, 0.12940174784696434
38.40000000000026, 0.13125318166782973
38.50000000000027, 0.13234029994484764
38.600000000000264, 0.13784022901153725
38.70000000000027, 0.14087272272089135
38.80000000000027, 0.14139339592383282
38.900000000000276, 0.1444771283374413
39.00000000000027, 0.1455269274883052
39.10000000000028, 0.14993061128947838
39.20000000000027, 0.15404053426922193
39.30000000000028, 0.15878572303487948
39.400000000000276, 0.16334004891816978
39.500000000000284, 0.16687738325081125
39.600000000000286, 0.16682096104188882
39.70000000000029, 0.16985446055727027
39.80000000000028, 0.1734767327897695
39.90000000000029, 0.1750123935228446
40.000000000000284, 0.1791859757036698
40.100000000000286, 0.18015191373022565
40.20000000000029, 0.18538506031656077
40.300000000000296, 0.1891354419011485
40.40000000000029, 0.19299564050436802
40.5000000000003, 0.19708461213197936
40.60000000000029, 0.20103924552673225
40.7000000000003, 0.20449642943137636
40.800000000000296, 0.20709305258866195
40.900000000000304, 0.20764666366892126
41.0000000000003, 0.2118158903617815
41.10000000000031, 0.2161547023769287
41.2000000000003, 0.21716782941532675
41.30000000000031, 0.22158806066342762
41.40000000000031, 0.2239963449564143
41.50000000000031, 0.2288076918005464
41.60000000000031, 0.23208390212094354
41.700000000000315, 0.2360381764919025
41.80000000000031, 0.24026919390044632
41.90000000000031, 0.24437563333359824
42.00000000000031, 0.24795617377838097
42.10000000000032, 0.25092066485913067
42.200000000000315, 0.2528231566864656
42.300000000000324, 0.2575129285323159
42.40000000000032, 0.25946711215887663
42.50000000000033, 0.26496123793738313
42.60000000000032, 0.2700459955163217
42.70000000000033, 0.26859971565601226
42.800000000000324, 0.27261232967192517
42.90000000000033, 0.277271087228978
43.00000000000033, 0.2828686205623918
43.100000000000335, 0.2883799094727074
43.20000000000034, 0.2927799337604655
43.30000000000034, 0.29390079469469743
43.40000000000033, 0.30038752231504795
43.50000000000034, 0.3032097468476147
43.600000000000335, 0.3064967838587702
43.700000000000344, 0.31220073363418066
43.80000000000034, 0.31414982265671776
43.90000000000035, 0.3182848593484717
44.00000000000035, 0.32339173011943767
44.10000000000035, 0.3285961554543104
44.200000000000344, 0.33302385583778493
44.30000000000035, 0.3377030244882089
44.40000000000035, 0.3361758465443394
44.500000000000355, 0.3425916320513911
44.60000000000036, 0.3441400778515262
44.70000000000035, 0.3507964327559677
44.80000000000036, 0.3502295174269846
44.900000000000354, 0.35567194914108113
45.00000000000036, 0.35986819555319904
45.100000000000364, 0.36486866746254254
45.20000000000036, 0.37005118167838
45.30000000000037, 0.3747935550099799
45.40000000000037, 0.3808660487563862
45.50000000000037, 0.3830630476488399
45.60000000000037, 0.38473285740442453
45.700000000000365, 0.3883994885127262
45.800000000000374, 0.39528694633884265
45.900000000000375, 0.39589409403592124
46.00000000000037, 0.3993865406905521
46.10000000000038, 0.40396362253120643
46.20000000000037, 0.40913555177238203
46.30000000000038, 0.414412540628577
46.40000000000038, 0.41930480131428927
46.50000000000038, 0.4245635831958471
46.600000000000385, 0.4292540889498231
46.70000000000038, 0.42960707695350664
46.80000000000039, 0.43678687788745985
46.90000000000039, 0.43945487197958255
47.000000000000384, 0.4403872255717356
47.10000000000039, 0.44516883331400336
47.200000000000394, 0.4502516209887161
47.300000000000395, 0.45582164577943596
47.4000000000004, 0.46079672490610357
47.50000000000039, 0.4653278322937535
47.6000000000004, 0.4669577937511141
47.7000000000004, 0.47507028353486636
47.800000000000395, 0.47681803794873234
47.900000000000404, 0.4816003360347262
48.0000000000004, 0.4817997450091822
48.100000000000406, 0.4855712224202877
48.20000000000041, 0.49056316260685273
48.3000000000004, 0.4960890798419444
48.40000000000041, 0.5013737462451168
48.50000000000041, 0.5056419339359239
48.60000000000041, 0.5074113970054941
48.700000000000415, 0.510588759716224
48.80000000000041, 0.5165311580334233
48.90000000000042, 0.5213003399717162
49.00000000000042, 0.5257743434513799
49.10000000000042, 0.5246237323367804
49.20000000000042, 0.5293795048711902
49.300000000000416, 0.5355083506504743
49.400000000000425, 0.5420855721315136
49.500000000000426, 0.5472873013409736
49.60000000000042, 0.5477653974822755
49.70000000000043, 0.5507351604702151
49.80000000000042, 0.5548270618416338
49.90000000000043, 0.5584159197658645
50.00000000000043, 0.5633405264955764
50.10000000000043, 0.5683508863992311
50.200000000000436, 0.5703931283955448
50.30000000000044, 0.5719201100775642
50.40000000000044, 0.575528623234585
50.50000000000044, 0.5800422130627486
50.600000000000435, 0.5847224782606576
50.70000000000044, 0.5888310175269146
50.800000000000445, 0.5944809874263441
50.900000000000446, 0.5979156935002242
51.00000000000045, 0.6014150274433616
51.10000000000044, 0.6041398655097614
51.20000000000044, 0.6084868716219539
51.30000000000045, 0.6116591151459474
51.40000000000045, 0.611345787940601
51.500000000000455, 0.6155681546423846
51.600000000000456, 0.6201081127167258
51.70000000000045, 0.6251242668930175
51.80000000000046, 0.6299472723531565
51.90000000000046, 0.6339077842790399
52.00000000000046, 0.6365323003162695
52.10000000000046, 0.641539889076175
52.20000000000046, 0.6416429650064768
52.300000000000466, 0.645251165436504
52.40000000000047, 0.6504482348164213
52.50000000000047, 0.651379157626076
52.60000000000047, 0.6551788307002039
52.700000000000465, 0.6588895503529079
52.800000000000466, 0.6632192012636283
52.900000000000475, 0.6675808251472184
53.000000000000476, 0.6713874637185312
53.10000000000048, 0.6756422332928107
53.20000000000047, 0.6782548776298729
53.30000000000047, 0.6796460221485228
53.40000000000048, 0.6835011445466841
53.50000000000048, 0.6849700696309787
53.600000000000485, 0.6898833643892626
53.70000000000048, 0.690888396749059
53.80000000000048, 0.695317180283749
53.90000000000049, 0.6986269145994458
54.00000000000049, 0.702454015046433
54.10000000000049, 0.7064202764350163
54.200000000000486, 0.7101474935755011
54.30000000000049, 0.7132574612781931
54.400000000000496, 0.7164151989101888
54.5000000000005, 0.7165332134099155
54.6000000000005, 0.7200074324094814
54.7000000000005, 0.7224658010098531
54.800000000000495, 0.7273864378000855
54.9000000000005, 0.729922160151751
55.000000000000504, 0.7293677546165248
55.100000000000506, 0.7355128344479211
55.20000000000051, 0.7386983580621821
55.3000000000005, 0.7421928625330738
55.40000000000051, 0.7456931411430436
55.50000000000051, 0.7488959871745384
55.60000000000051, 0.7514981939100052
55.700000000000514, 0.7535399115088964
55.80000000000051, 0.7545880501130171
55.90000000000052, 0.7595190818359184
56.00000000000052, 0.7632928905560581
56.10000000000052, 0.7634169940224117
56.20000000000052, 0.7670759635423976
56.300000000000516, 0.7701088126005425
56.40000000000052, 0.7706876577848154
56.500000000000526, 0.7740908291688281
56.60000000000053, 0.7763013021258254
56.70000000000053, 0.7789657557597469
56.80000000000052, 0.7819078929331829
56.900000000000524, 0.7849514165087231
57.00000000000053, 0.7879200293489579
57.100000000000534, 0.790637434316477
57.200000000000536, 0.7929273342738707
57.30000000000053, 0.795909894929625
57.40000000000053, 0.7970942327353843
57.50000000000054, 0.7993057635950838
57.60000000000054, 0.8020535486263383
57.70000000000054, 0.8036591666466671
57.800000000000544, 0.8064295707070234
57.90000000000054, 0.8104441516338661
58.00000000000055, 0.8108642126434599
58.10000000000055, 0.812613570438665
58.20000000000055, 0.8148899098121204
58.30000000000055, 0.8175252318171699
58.400000000000546, 0.8203515375071572
58.500000000000554, 0.8232008279354258
58.600000000000556, 0.8259051041553198
58.70000000000056, 0.8282963672201825
58.80000000000056, 0.8326706731549611
58.90000000000055, 0.833353757474987
59.00000000000056, 0.8340381756372696
59.10000000000056, 0.836141501751863
59.200000000000564, 0.8402275003541773
59.300000000000566, 0.8411904298150477
59.40000000000056, 0.8435380898119786
59.50000000000057, 0.8464468638491375
59.60000000000057, 0.8466440799309131
59.70000000000057, 0.847938035526802
59.80000000000057, 0.8495431659234122
59.90000000000057, 0.8513859883114971
60.000000000000576, 0.8533930198818107
60.10000000000058, 0.8554907778251066
60.20000000000058, 0.8576057793321384
60.30000000000058, 0.8596645415936599
60.400000000000574, 0.8615935818004248
60.500000000000576, 0.8633194171431867
60.600000000000584, 0.8679266540935917
60.700000000000585, 0.8668131576698768
60.80000000000059, 0.8686757436772464
60.90000000000059, 0.8697190885495757
61.00000000000058, 0.8725577605097371
61.10000000000059, 0.8732921750302332
61.20000000000059, 0.8754357541556724
61.300000000000594, 0.8757642928822467
61.400000000000595, 0.876775551364473
61.50000000000059, 0.877618182212189
61.6000000000006, 0.8793013706648641
61.7000000000006, 0.8807367651748341
61.8000000000006, 0.8824518482231888
61.9000000000006, 0.8843499361430346
62.0000000000006, 0.8863343452674781
62.100000000000605, 0.8883083919296262
62.20000000000061, 0.890175392462585
62.30000000000061, 0.8918386631994614
62.40000000000061, 0.8932015204733618
62.500000000000604, 0.8942848840444433
62.60000000000061, 0.8962898310765273
62.700000000000614, 0.8970083622132987
62.800000000000615, 0.8991739321762511
62.90000000000062, 0.8990199659584571
63.00000000000061, 0.9022732140863795
63.10000000000062, 0.9016521430174511
63.20000000000062, 0.9045108671372449
63.30000000000062, 0.9049431970117989
63.400000000000624, 0.9073943437973616
63.50000000000062, 0.9083735047931677
63.60000000000063, 0.9103348894492848
63.70000000000063, 0.9111399924821646
63.80000000000063, 0.9120615219337409
63.90000000000063, 0.9130698084099693
64.00000000000063, 0.9141351825168049
64.10000000000062, 0.9152279748602032
64.20000000000061, 0.9163185160461194
64.30000000000061, 0.9173771366805089
64.4000000000006, 0.9183741673693271
64.5000000000006, 0.9192799387185294
64.6000000000006, 0.920958309030902
64.70000000000059, 0.9225479307348783
64.80000000000058, 0.9226244316728232
64.90000000000057, 0.9233764234485136
65.00000000000057, 0.9256670926826857
65.10000000000056, 0.9252769508679789
65.20000000000056, 0.9272752776554137
65.30000000000055, 0.9280357763048914
65.40000000000055, 0.9306987163472807
65.50000000000054, 0.9310722416160322
65.60000000000053, 0.9304541011547491
65.70000000000053, 0.9319569508804573
65.80000000000052, 0.9327009696904845
65.90000000000052, 0.9335676080748186
66.00000000000051, 0.9345288446565742
66.1000000000005, 0.9355566580588661
66.2000000000005, 0.93662302690481
66.3000000000005, 0.9376999298175205
66.40000000000049, 0.9387593454201127
66.5000000000005, 0.9397732523357015
66.60000000000048, 0.9407136291874021
66.70000000000047, 0.9415524545983294
66.80000000000047, 0.9422617071915984
66.90000000000046, 0.9433144418215058
67.00000000000045, 0.9467445190617518
67.10000000000045, 0.9460612498739313
67.20000000000044, 0.9465021871303767
67.30000000000044, 0.9487330270607199
67.40000000000043, 0.9488302841992615
67.50000000000043, 0.9496227877738078
67.60000000000042, 0.9486836425712307
67.70000000000041, 0.9509925220950971
67.80000000000041, 0.9524235142394719
67.9000000000004, 0.9521281320073951
68.0000000000004, 0.9521193370246259
68.10000000000039, 0.9526444303493733
68.20000000000039, 0.9545668322449781
68.30000000000038, 0.9551606862641359
68.40000000000039, 0.9558089803004385
68.50000000000037, 0.9564939611127291
68.60000000000036, 0.9571978754598506
68.70000000000036, 0.957902970100646
68.80000000000035, 0.9585914917939584
68.90000000000035, 0.9592456872986307
69.00000000000034, 0.959847803373506
69.10000000000034, 0.9603800867774273
69.20000000000033, 0.9608247842692376
69.30000000000032, 0.9615310227111326
69.40000000000032, 0.9613556494992448
69.50000000000031, 0.9624517268711223
69.6000000000003, 0.9633885342207595
69.7000000000003, 0.9630872307197328
69.8000000000003, 0.9638497928704293
69.90000000000029, 0.9651153677670696
70.00000000000028, 0.9663633106084552
70.10000000000028, 0.9665423227158879
70.20000000000027, 0.9666350215277307
70.30000000000028, 0.9662160869557853
70.40000000000026, 0.9680480824314082
70.50000000000026, 0.969231405896969
70.60000000000025, 0.9694229279839054
70.70000000000024, 0.9697436541013483
70.80000000000024, 0.9701347143699245
70.90000000000023, 0.9705824480782606
71.00000000000023, 0.9710731945149829
71.10000000000022, 0.971593292968718
71.20000000000022, 0.9721290827280924
71.30000000000021, 0.9726669030817326
71.40000000000022, 0.9731930933182652
71.5000000000002, 0.9736939927263167
71.6000000000002, 0.9741559405945136
71.70000000000019, 0.9745652762114823
71.80000000000018, 0.9757036589917986
71.90000000000018, 0.9754411509231711
72.00000000000017, 0.9754635675844483
72.10000000000016, 0.9756076055912192
72.20000000000017, 0.9746845182766615
72.30000000000015, 0.9756009942753324
72.40000000000015, 0.9770109267892503
72.50000000000014, 0.9782308299922332
72.60000000000014, 0.9782232377492137
72.70000000000013, 0.9782371934741331
72.80000000000013, 0.9781513852111052
72.90000000000012, 0.978185267348169
73.00000000000013, 0.9776213744803405
73.10000000000011, 0.9780076266403782
73.2000000000001, 0.9784764108344975
73.30000000000011, 0.9790117712792935
73.40000000000009, 0.979597752191361
73.50000000000009, 0.980218397787295
73.60000000000008, 0.9808577522836902
73.70000000000007, 0.9814998598971421
73.80000000000007, 0.9821287648442449
73.90000000000006, 0.9827285113415942
74.00000000000006, 0.9832831436057845
74.10000000000007, 0.983776705853411
74.20000000000005, 0.9841932423010684
74.30000000000004, 0.9847292459159859
74.40000000000003, 0.9836320210630617
74.50000000000003, 0.9837000056816079
74.60000000000002, 0.9837250317063124
74.70000000000002, 0.9840585871994197
74.80000000000001, 0.984882054149011
74.90000000000002, 0.985557449110617
75, 0.986249361833214
75.1, 0.9868476555800938
75.2, 0.9874013343693703
75.29999999999998, 0.9871931367077633
75.39999999999998, 0.9864616478472059
75.49999999999997, 0.9873021335873449
75.59999999999997, 0.9868464007633204
75.69999999999996, 0.9872722379371749
75.79999999999995, 0.9874647858406096
75.89999999999995, 0.9876856460232578
75.99999999999996, 0.9879281234880392
76.09999999999994, 0.9881855232378728
76.19999999999993, 0.988451150275678
76.29999999999993, 0.9887183096043741
76.39999999999993, 0.9889803062268804
76.49999999999991, 0.9892304451461162
76.59999999999992, 0.989462031365001
76.6999999999999, 0.9896683698864539
76.79999999999991, 0.9898427657133941
76.8999999999999, 0.9899588379855909
76.99999999999989, 0.9899090754297186
77.0999999999999, 0.9898950835438387
77.19999999999989, 0.9898736521859607
77.29999999999987, 0.9897685236707999
77.39999999999988, 0.9900157308912769
77.49999999999987, 0.9904306663053901
77.59999999999985, 0.9909311133677432
77.69999999999986, 0.9914760597047573
77.79999999999984, 0.9920244929428532
77.89999999999985, 0.9925354007084517
77.99999999999984, 0.9929677706279741
78.09999999999982, 0.993280590327841
78.19999999999983, 0.9933299259146682
78.29999999999983, 0.9934579884352747
78.3999999999998, 0.9936204149666064
78.49999999999982, 0.9938123351219591
78.5999999999998, 0.9940288785146287
78.6999999999998, 0.9942651747579111
78.7999999999998, 0.9945163534651018
78.89999999999978, 0.994777544249497
78.99999999999979, 0.9950438767243924
79.09999999999978, 0.9953104805030837
79.19999999999976, 0.9955724851988668
79.29999999999977, 0.9958250204250374
79.39999999999976, 0.9960632157948914
79.49999999999974, 0.9962822009217248
79.59999999999975, 0.9964771054188333
79.69999999999973, 0.9966430588995124
79.79999999999974, 0.9969627587468652
79.89999999999974, 0.9959073864857199
79.99999999999972, 0.9960856858105291
80.09999999999972, 0.9960736236572595
80.19999999999972, 0.9960703101405289
80.2999999999997, 0.9960712072720904
80.39999999999971, 0.9960709368363065
80.49999999999969, 0.99607454333914
80.5999999999997, 0.9960586070786225
80.69999999999969, 0.9960380051632866
80.79999999999967, 0.9960942147411261
80.89999999999968, 0.9961771306549106
80.99999999999967, 0.9962728768116037
81.09999999999965, 0.9963799073419547
81.19999999999966, 0.9964966763767127
81.29999999999966, 0.9966216380466264
81.39999999999965, 0.9967532464824453
81.49999999999964, 0.9968899558149182
81.59999999999962, 0.9970302201747944
81.69999999999963, 0.9971724936928227
81.79999999999963, 0.9973152304997523
81.89999999999961, 0.9974568847263323
81.99999999999962, 0.9975959105033119
82.09999999999961, 0.9977307619614398
82.19999999999959, 0.9978598932314653
82.2999999999996, 0.9979817584441376
82.39999999999958, 0.9980948117302055
82.49999999999959, 0.9988034684413493
82.59999999999958, 0.9988139525898362
82.69999999999956, 0.9988180091062185
82.79999999999957, 0.9988169769549428
82.89999999999957, 0.9988170471468341
82.99999999999955, 0.9988170663786191
83.09999999999955, 0.998817060749282
83.19999999999955, 0.998817061258133
83.29999999999954, 0.9988170608563448
83.39999999999954, 0.9988170614445898
83.49999999999952, 0.9988170617592318
83.59999999999953, 0.9988170621026718
83.69999999999952, 0.9988170624461895
83.7999999999995, 0.9988170627610649
83.89999999999951, 0.9988170630185775
83.9999999999995, 0.9988170631900073
84.09999999999948, 0.9988170632466338
84.19999999999949, 0.9988170631597371
84.29999999999949, 0.9988170629005968
84.39999999999948, 0.9988170624404925
84.49999999999947, 0.9988170617507043
84.59999999999945, 0.9988170539497994
84.69999999999946, 0.9988170689528841
84.79999999999946, 0.9988172665055438
84.89999999999944, 0.9988156436192934
84.99999999999945, 0.9988194076708043
85.09999999999944, 0.9988512297688336
85.19999999999943, 0.9984294082636231
85.29999999999943, 0.9981136600843322
85.39999999999941, 0.9981263421111174
85.49999999999942, 0.998131971274518
85.59999999999941, 0.9981302376618694
