x_return_period_years,y_observed_ice_thickness_mm,y_fitted_ice_thickness_mm,residual_observed_minus_fitted_mm
10.0,13.0,12.100159631295476,0.899840368704524
20.0,15.0,15.125081767626469,-0.12508176762646883
40.0,18.0,17.904646580097904,0.09535341990209645
50.0,19.0,18.750582622493734,0.24941737750626558
60.0,19.0,19.424864906235744,-0.4248649062357437
80.0,20.0,20.458755478947243,-0.4587554789472428
100.0,21.0,21.236076001946486,-0.23607600194648626
200.0,23.0,23.519966174252605,-0.5199661742526054
500.0,27.0,26.257307963209225,0.7426920367907748
